"points","all_attributes","BranchNumber_ConsumerID","BranchNumber_Date","BranchNumber_ConsumptionTime","ConsumerID_Date","ConsumerID_ConsumptionTime","Date_ConsumptionTime"
"6048","0.29050925925925947","0.2873677248677248","0.2873677248677248","0.29050925925925924","0.2873677248677249","0.2905092592592594","0.2881944444444444"
"12096","0.12334656084656079","0.05621693121693121","0.05621693121693121","0.12334656084656077","0.05621693121693121","0.12334656084656082","0.05753968253968254"
"18144","0.3176256613756614","0.2954695767195768","0.2954695767195767","0.31762566137566134","0.29546957671957663","0.31762566137566145","0.25843253968253965"
"24192","0.2997685185185185","0.27744708994708994","0.2774470899470899","0.29976851851851855","0.2774470899470899","0.2997685185185185","0.257771164021164"
"30240","0.11623677248677249","0.0730820105820106","0.07308201058201055","0.11623677248677244","0.07308201058201057","0.11623677248677251","0.04679232804232803"
"36288","0.11326058201058199","0.06944444444444446","0.06944444444444445","0.11326058201058202","0.06944444444444443","0.11326058201058199","0.04100529100529099"
"42336","0.07357804232804231","0.04298941798941798","0.04298941798941798","0.07357804232804234","0.04298941798941799","0.07357804232804234","0.022486772486772492"
"48384","0.08912037037037038","0.04910714285714286","0.04910714285714287","0.08912037037037035","0.04910714285714286","0.08912037037037039","0.029761904761904753"
"54432","0.10780423280423279","0.050429894179894186","0.050429894179894186","0.1078042328042328","0.05042989417989418","0.1078042328042328","0.050925925925925916"
"60480","0.3048941798941798","0.2969576719576719","0.2969576719576718","0.3048941798941799","0.2969576719576719","0.3048941798941798","0.28968253968253965"
"66528","0.273527894385461","0.24921321284026354","0.24921321284026354","0.27352789438546105","0.24921321284026351","0.273527894385461","0.25728401578494764"
"72576","0.09706755834098395","0.06475575617679624","0.06475575617679624","0.09706755834098398","0.06475575617679624","0.09706755834098396","0.02761243386243386"
"78624","0.0994679078030248","0.05317181785912403","0.05317181785912403","0.09946790780302482","0.05317181785912403","0.09946790780302482","0.041005291005291024"
"84672","0.09077626325771306","0.04637127956466531","0.0463712795646653","0.09077626325771301","0.0463712795646653","0.09077626325771307","0.03604497354497354"
"90720","0.10430557390570055","0.05945480329332209","0.05945480329332208","0.1043055739057006","0.059454803293322075","0.10430557390570058","0.05232345288086295"
"96768","0.1097622497911848","0.06266271394497276","0.06266271394497276","0.10976224979118479","0.06266271394497275","0.10976224979118479","0.05059053989079922"
"102816","0.24102070655087865","0.23791185004823903","0.237911850048239","0.2410207065508786","0.237911850048239","0.24102070655087862","0.23792989417989419"
"108864","0.24869557503003245","0.2478392850344525","0.2478392850344525","0.24869557503003248","0.24783928503445252","0.24869557503003248","0.24785052910052907"
"114912","0.10461378568786753","0.05672906315787953","0.05672906315787953","0.10461378568786751","0.056729063157879525","0.10461378568786756","0.03290535173730596"
"120960","0.10629177298756086","0.0627695267435489","0.06276952674354891","0.10629177298756082","0.06276952674354891","0.10629177298756086","0.03884327268696792"
"127008","0.10157234883063812","0.059483133070350025","0.05948313307035002","0.10157234883063813","0.059483133070350025","0.10157234883063815","0.028604497354497348"
"133056","0.09666208181999104","0.04800078877095541","0.04800078877095542","0.09666208181999107","0.048000788770955406","0.09666208181999106","0.039351851851851874"
"139104","0.22786736050056544","0.1933314399340294","0.1933314399340294","0.22786736050056544","0.19333143993402938","0.2278673605005654","0.19733088846450586"
"145152","0.23980484113237813","0.09801308097676167","0.09801308097676167","0.23980484113237813","0.09801308097676165","0.23980484113237815","0.23712066070308152"
"151200","0.13264317220087252","0.09663374736477084","0.09663374736477083","0.13264317220087252","0.09663374736477082","0.13264317220087254","0.08548280423280424"
"157248","0.11753286304691839","0.08465272830433992","0.08465272830433994","0.11753286304691835","0.08465272830433994","0.11753286304691837","0.029761904761904774"
"163296","0.10154864782174257","0.06964260189486049","0.0696426018948605","0.10154864782174255","0.06964260189486049","0.10154864782174257","0.040351914113051945"
"169344","0.09881040771181951","0.05430529795486071","0.0543052979548607","0.09881040771181945","0.0543052979548607","0.09881040771181952","0.048732094572805036"
"175392","0.09592893121384034","0.048329869245954823","0.04832986924595483","0.0959289312138404","0.048329869245954823","0.09592893121384036","0.049107142857142884"
"181440","0.31036063668533825","0.29648877109801797","0.29648877109801813","0.3103606366853383","0.2964887710980181","0.3103606366853382","0.29662698412698413"
"187488","0.2843402984659209","0.26713884925231723","0.26713884925231723","0.2843402984659209","0.26713884925231723","0.28434029846592096","0.276455905473024"
"193536","0.10287200745129778","0.05309967332028268","0.053099673320282675","0.10287200745129778","0.05309967332028267","0.10287200745129776","0.03918650793650793"
"199584","0.09094176318836235","0.04797907047542455","0.04797907047542454","0.0909417631883623","0.047979070475424546","0.09094176318836236","0.027116402116402115"
"205632","0.11189633741835982","0.07311954502947272","0.07311954502947272","0.11189633741835989","0.07311954502947272","0.11189633741835986","0.03902116402116402"
"211680","0.12343634174338863","0.07676785488059475","0.07676785488059475","0.12343634174338859","0.07676785488059476","0.12343634174338863","0.0659732510270326"
"217728","0.11186358304557269","0.06703564816694013","0.0670356481669401","0.11186358304557267","0.06703564816694012","0.11186358304557266","0.06485002744196758"
"223776","0.23477911021288675","0.22671134131357498","0.22671134131357495","0.2347791102128867","0.22671134131357498","0.23477911021288675","0.2288359788359788"
"229824","0.24556026646766843","0.2430725907226402","0.24307259072264023","0.24556026646766843","0.2430725907226402","0.2455602664676684","0.24289021164021166"
"235872","0.09814051205956296","0.058192959545084966","0.058192959545084966","0.09814051205956298","0.05819295954508496","0.09814051205956298","0.03372325554420729"
"241920","0.08395973529689744","0.04319110454442562","0.04319110454442562","0.08395973529689743","0.043191104544425624","0.08395973529689743","0.02403014688082373"
"247968","0.10347482270164192","0.0726221325715826","0.07262213257158262","0.10347482270164192","0.07262213257158259","0.1034748227016419","0.03736772486772486"
"254016","0.11545714478301314","0.07058840034660173","0.07058840034660173","0.1154571447830132","0.07058840034660173","0.11545714478301314","0.06299603174603174"
"260064","0.26054114483854934","0.2305162175390045","0.23051621753900453","0.26054114483854923","0.23051621753900453","0.2605411448385494","0.2266694236041065"
"266112","0.24021853308497848","0.110346944085409","0.11034694408540896","0.24021853308497848","0.11034694408540899","0.24021853308497848","0.21865435171949266"
"272160","0.13283313010674394","0.0963505939078764","0.09635059390787641","0.1328331301067439","0.09635059390787641","0.13283313010674394","0.059854497354497334"
"278208","0.10258682380126918","0.06553258983393347","0.06553258983393345","0.10258682380126913","0.06553258983393347","0.1025868238012692","0.031249999999999986"
"284256","0.09688863767804386","0.058179578986362335","0.05817957898636232","0.09688863767804384","0.05817957898636232","0.09688863767804387","0.028627655920658975"
"290304","0.1071499488070878","0.05106527673322984","0.05106527673322984","0.10714994880708781","0.05106527673322984","0.10714994880708775","0.04191765764678655"
"296352","0.12135250533255916","0.07665892171066621","0.07665892171066621","0.12135250533255916","0.07665892171066623","0.12135250533255916","0.044146825396825407"
"302400","0.32790704925513936","0.32630355115022125","0.3263035511502213","0.3279070492551393","0.3263035511502212","0.3279070492551394","0.27645502645502645"
"308448","0.2446948427359448","0.24136932790013815","0.24136932790013818","0.24469484273594497","0.2413693279001382","0.2446948427359448","0.22387566137566134"
"314496","0.09476433190655442","0.05718362718961727","0.057183627189617274","0.09476433190655438","0.05718362718961727","0.09476433190655441","0.033564814814814825"
"320544","0.09906050332682642","0.05856543903011302","0.05856543903011303","0.09906050332682645","0.05856543903011302","0.09906050332682641","0.03373015873015875"
"326592","0.09872945557911608","0.058517730091038965","0.05851773009103898","0.09872945557911611","0.058517730091038965","0.09872945557911611","0.03273809523809525"
"332640","0.1144226201121875","0.07750332765283591","0.07750332765283588","0.1144226201121875","0.0775033276528359","0.1144226201121875","0.05009920634920633"
"338688","0.1444949233873659","0.10599207226981316","0.10599207226981316","0.14449492338736591","0.10599207226981316","0.14449492338736591","0.06911375661375661"
"344736","0.3392282534884124","0.3212104373407583","0.32121043734075827","0.3392282534884122","0.3212104373407582","0.3392282534884123","0.3174603174603175"
"350784","0.2769414351094508","0.2510995976051294","0.2510995976051295","0.2769414351094509","0.2510995976051295","0.2769414351094508","0.26471560846560843"
"356832","0.10737929315454757","0.07146753401849054","0.07146753401849054","0.1073792931545475","0.07146753401849056","0.10737929315454756","0.03670634920634922"
"362880","0.09222453948054317","0.050878363859492466","0.050878363859492466","0.09222453948054318","0.05087836385949246","0.09222453948054317","0.033730158730158735"
"368928","0.09611564170729463","0.05922546882270718","0.05922546882270718","0.09611564170729457","0.05922546882270718","0.09611564170729463","0.025132275132275114"
"374976","0.09779145733964087","0.05463053935817024","0.054630539358170235","0.0977914573396408","0.054630539358170235","0.09779145733964086","0.03819444444444445"
"381024","0.09799220530115658","0.05132653487936613","0.05132653487936612","0.09799220530115653","0.05132653487936613","0.09799220530115657","0.045965608465608467"
"387072","0.3020777639969747","0.29946327452297694","0.299463274522977","0.3020777639969746","0.29946327452297694","0.3020777639969748","0.27744708994709"
"393120","0.25676647574738704","0.24290576552829843","0.24290576552829848","0.25676647574738715","0.24290576552829846","0.2567664757473871","0.23627645502645503"
"399168","0.07672270790836333","0.03985023432844763","0.03985023432844763","0.07672270790836332","0.03985023432844763","0.07672270790836333","0.02199074074074075"
"405216","0.08052136593907913","0.0429042690172906","0.04290426901729061","0.08052136593907915","0.042904269017290594","0.08052136593907915","0.03720238095238095"
"411264","0.08780772530326912","0.05176360667031704","0.05176360667031705","0.08780772530326912","0.05176360667031705","0.08780772530326914","0.02430555555555556"
"417312","0.14429761115980974","0.10861869586290109","0.10861869586290111","0.1442976111598097","0.1086186958629011","0.14429761115980974","0.0451388888888889"
"423360","0.09063370356166597","0.04601827630650629","0.04601827630650628","0.09063370356166599","0.046018276306506276","0.09063370356166597","0.03869047619047619"
"429408","0.3494435309518207","0.34218937606316324","0.34218937606316324","0.34944353095182074","0.3421893760631633","0.34944353095182074","0.34226190476190477"
"435456","0.2807688561367613","0.27249469302946816","0.2724946930294681","0.2807688561367614","0.27249469302946816","0.2807688561367613","0.2795965608465608"
"441504","0.11413685492724013","0.08068267647148994","0.08068267647148997","0.1141368549272401","0.08068267647148995","0.11413685492724013","0.054728835978835974"
"447552","0.11525782051284253","0.07300321172142028","0.07300321172142027","0.11525782051284249","0.07300321172142028","0.11525782051284253","0.04298941798941798"
"453600","0.42129458139156317","0.05324187023903785","0.361616705239798","0.09337787259153174","0.36161670523979816","0.09337787259153175","0.42005158901225415"
"459648","0.1404775463395545","0.058982385784199697","0.09803235946583681","0.0945628730419371","0.09803235946583684","0.09456287304193713","0.08904481823884587"
"465696","0.09618828153614742","0.056037280083203383","0.056037280083203383","0.0961882815361474","0.056037280083203383","0.09618828153614746","0.03207671957671957"
"471744","0.34834682806038997","0.34068793591700053","0.3406879359170006","0.3483468280603899","0.34068793591700053","0.3483468280603901","0.341765873015873"
"477792","0.30670023636849375","0.28699854003871844","0.28699854003871833","0.30670023636849364","0.2869985400387184","0.3067002363684938","0.3050595238095238"
"483840","0.10101202254318745","0.07225676644925665","0.07225676644925666","0.10101202254318746","0.07225676644925666","0.10101202254318745","0.04183201058201057"
"489888","0.11296122839511888","0.08593542271322066","0.08593542271322065","0.11296122839511882","0.08593542271322063","0.1129612283951189","0.06183862433862436"
"495936","0.08615456300907808","0.04787915404382324","0.04787915404382323","0.08615456300907806","0.04787915404382323","0.08615456300907806","0.026785714285714288"
"501984","0.09523109337840127","0.05649254535132995","0.056492545351329956","0.0952310933784013","0.05649254535132994","0.09523109337840131","0.04646164021164021"
"508032","0.1078245944622892","0.057864460565276284","0.057864460565276284","0.10782459446228915","0.05786446056527631","0.1078245944622892","0.03869047619047621"
"514080","0.32171139297454543","0.31079706107738453","0.3107970610773845","0.32171139297454543","0.3107970610773845","0.3217113929745455","0.2853835978835979"
"520128","0.28023217788073085","0.26495869624551566","0.26495869624551555","0.2802321778807309","0.2649586962455156","0.280232177880731","0.2554563492063492"
"526176","0.12046596540326826","0.07661280809682926","0.07661280809682924","0.12046596540326822","0.07661280809682924","0.12046596540326826","0.04282407407407408"
"532224","0.10527652751713715","0.06029779135340414","0.060297791353404157","0.10527652751713713","0.06029779135340414","0.10527652751713716","0.04861111111111111"
"538272","0.09169206055414035","0.054682465516113055","0.05468246551611306","0.09169206055414034","0.054682465516113055","0.09169206055414036","0.048115079365079375"
"544320","0.09465119024898726","0.06275238909085429","0.06275238909085427","0.09465119024898723","0.06275238909085427","0.09465119024898726","0.05026455026455026"
"550368","0.09120521160420209","0.04732844561585194","0.04732844561585195","0.09120521160420206","0.04732844561585194","0.0912052116042021","0.04398148148148148"
"556416","0.3160689827432452","0.31215552306823835","0.31215552306823835","0.3160689827432451","0.3121555230682384","0.31606898274324513","0.26951058201058203"
"562464","0.010088931405895691","0.00874892839329259","0.008748928393292593","0.010088931405895691","0.00874892839329259","0.010088931405895691","0.008267195767195758"
"568512","0.2792690015253766","0.27877822148950093","0.2787782214895009","0.2792690015253764","0.2787782214895009","0.27926900152537654","0.24834656084656084"
"574560","0.09418013567260604","0.05576446689429863","0.05576446689429864","0.09418013567260607","0.05576446689429864","0.09418013567260602","0.03902116402116404"
"580608","0.08849940276280235","0.04940111945635323","0.04940111945635322","0.08849940276280237","0.04940111945635323","0.08849940276280235","0.02992724867724867"
"586656","0.09660312207493739","0.06399337458585579","0.06399337458585579","0.09660312207493738","0.06399337458585579","0.0966031220749374","0.05026455026455025"
"592704","0.11248621830386718","0.0777302926043872","0.07773029260438721","0.11248621830386722","0.07773029260438721","0.11248621830386718","0.0625"
"598752","0.32736665036805196","0.3130035143806712","0.3130035143806712","0.32736665036805196","0.31300351438067114","0.3273666503680519","0.31646825396825395"
"604800","0.2664100728010503","0.2500562392049973","0.25005623920499725","0.2664100728010503","0.25005623920499725","0.2664100728010503","0.2632275132275132"
"610848","0.08594864581747194","0.054896490153264116","0.05489649015326412","0.08594864581747197","0.05489649015326413","0.08594864581747193","0.029431216931216926"
"616896","0.11275257654861702","0.07320081415755056","0.07320081415755054","0.11275257654861699","0.07320081415755056","0.11275257654861703","0.04943783068783068"
"622944","0.12053558210775067","0.07672362274969258","0.0767236227496926","0.12053558210775063","0.07672362274969259","0.12053558210775069","0.048776455026455015"
"628992","0.10569385532368826","0.058128423540687105","0.058128423540687105","0.10569385532368822","0.058128423540687105","0.10569385532368823","0.04166666666666668"
"635040","0.09992630649843456","0.05368581603157652","0.053685816031576516","0.09992630649843456","0.053685816031576516","0.09992630649843455","0.042493386243386236"
"641088","0.3169885457291741","0.3148061017627444","0.31480610176274443","0.31698854572917423","0.31480610176274443","0.3169885457291741","0.29894179894179895"
"647136","0.2749988441572939","0.2724962570026328","0.2724962570026328","0.2749988441572938","0.27249625700263275","0.2749988441572939","0.26077632210662216"
"653184","0.09705675148748073","0.062411793261179675","0.06241179326117968","0.09705675148748077","0.06241179326117968","0.09705675148748073","0.029319197523765186"
"659232","0.11080814046353568","0.06666291392984165","0.06666291392984164","0.11080814046353563","0.06666291392984164","0.11080814046353568","0.05621693121693123"
"665280","0.12437947268794593","0.08268648378726522","0.08268648378726523","0.12437947268794591","0.08268648378726523","0.12437947268794598","0.04117063492063491"
"671328","0.09955467565042417","0.06146257319117402","0.061462573191174034","0.09955467565042422","0.061462573191174014","0.0995546756504242","0.036210317460317464"
"677376","0.09956612422688031","0.05648725635118722","0.056487256351187225","0.09956612422688041","0.056487256351187225","0.09956612422688033","0.03406084656084655"
"683424","0.33251256980282523","0.32011706025467734","0.32011706025467734","0.3325125698028253","0.32011706025467734","0.3325125698028252","0.31200396825396826"
"689472","0.27153754626514515","0.2564910877696357","0.25649108776963564","0.2715375462651452","0.2564910877696357","0.27153754626514515","0.25462962962962965"
"695520","0.10560080025111812","0.07651995917129803","0.07651995917129803","0.1056008002511181","0.07651995917129803","0.1056008002511181","0.023974867724867725"
"701568","0.0729066416826023","0.04004066183293112","0.0400406618329311","0.07290664168260233","0.040040661832931104","0.0729066416826023","0.022486772486772475"
"707616","0.10745097155921494","0.07328534114311586","0.07328534114311587","0.1074509715592149","0.07328534114311588","0.10745097155921492","0.057934093251793745"
"713664","0.32509124372120335","0.31452441351625293","0.31452441351625304","0.3250912437212033","0.31452441351625304","0.32509124372120346","0.2717341734857882"
"719712","0.31886247467380524","0.286709941365441","0.286709941365441","0.3188624746738053","0.2867099413654409","0.31886247467380524","0.28881592866862793"
"725760","0.31885146103896106","0.27283869280219647","0.27283869280219647","0.31885146103896106","0.2728386928021964","0.31885146103896095","0.2805886243386244"
"731808","0.2399277580701192","0.16529137287563847","0.16529137287563847","0.2399277580701191","0.1652913728756385","0.23992775807011918","0.22635582010582012"
"737856","0.11589360580151642","0.07909159704199968","0.0790915970419997","0.11589360580151638","0.07909159704199968","0.11589360580151642","0.07457010582010583"
"743904","0.09464225747012653","0.053762832085851225","0.053762832085851225","0.09464225747012651","0.05376283208585123","0.09464225747012656","0.04032190293074364"
"749952","0.0899570509741332","0.049337328681105116","0.04933732868110514","0.08995705097413315","0.04933732868110512","0.0899570509741332","0.03611978829792911"
"756000","0.08589099920858641","0.04700668970322122","0.047006689703221236","0.08589099920858642","0.04700668970322124","0.08589099920858641","0.028769841269841275"
"762048","0.0934895677971421","0.05623292168910954","0.05623292168910955","0.09348956779714217","0.05623292168910955","0.09348956779714207","0.04282407407407406"
"768096","0.15500753222992641","0.06447731137160088","0.06447731137160088","0.15500753222992647","0.06447731137160088","0.15500753222992636","0.10407792797590759"
"774144","0.3000593807583543","0.20584802267007987","0.20584802267007984","0.3000593807583542","0.20584802267007984","0.30005938075835437","0.28222886912786704"
"780192","0.23692646465517836","0.22925662047957882","0.22925662047957884","0.23692646465517836","0.22925662047957882","0.2369264646551784","0.21924603174603174"
"786240","0.08451724877600479","0.055958981972251576","0.05595898197225159","0.0845172487760048","0.055958981972251576","0.08451724877600479","0.03406084656084657"
"792288","0.11964145457242363","0.08611200530680459","0.08611200530680459","0.11964145457242363","0.08611200530680459","0.11964145457242364","0.06390289927837932"
"798336","0.31380815739860946","0.3040798188699648","0.3040798188699649","0.31380815739860973","0.3040798188699649","0.3138081573986094","0.2762987889311141"
"804384","0.34739696067821063","0.3469610623960103","0.34696106239601027","0.34739696067821046","0.3469610623960103","0.34739696067821063","0.2974537037037037"
"810432","0.10260216431336602","0.05484906003726087","0.05484906003726086","0.102602164313366","0.054849060037260866","0.10260216431336598","0.0376984126984127"
"816480","0.3392968679200563","0.33704146288036657","0.33704146288036657","0.3392968679200562","0.3370414628803666","0.33929686792005626","0.3017526455026455"
"822528","0.2924299947259428","0.2883668560198994","0.2883668560198993","0.2924299947259429","0.28836685601989936","0.29242999472594283","0.2653210113699043"
"828576","0.09232940845312065","0.051489697237343486","0.05148969723734348","0.09232940845312065","0.05148969723734349","0.09232940845312065","0.030985129407339888"
"834624","0.09402136773947174","0.05210272754508051","0.0521027275450805","0.0940213677394717","0.0521027275450805","0.09402136773947177","0.026620370370370364"
"840672","0.09233326637234904","0.04749242650355393","0.04749242650355393","0.09233326637234907","0.04749242650355393","0.09233326637234901","0.024636243386243376"
"846720","0.09625043174485125","0.0483715673507274","0.04837156735072741","0.09625043174485122","0.04837156735072741","0.09625043174485126","0.05882961657547837"
"852768","0.11212036051083676","0.06427352015009372","0.06427352015009373","0.11212036051083682","0.06427352015009373","0.11212036051083676","0.06734172308032994"
"858816","0.2859422181470793","0.2759832400297729","0.27598324002977287","0.2859422181470792","0.27598324002977287","0.28594221814707926","0.2627314814814815"
"864864","0.05505455514136071","0.05506226454675359","0.0550622645467536","0.055054555141360685","0.0550622645467536","0.055054555141360706","0.05175264550264551"
"870912","0.21543429899408156","0.21538669085299453","0.21538669085299453","0.21543429899408154","0.21538669085299453","0.21543429899408154","0.20403439153439157"
"876960","0.15370888329604185","0.08922677745559701","0.08922677745559701","0.15370888329604177","0.089226777455597","0.15370888329604185","0.10932711419255982"
"883008","0.0848509270366513","0.05246649321448656","0.05246649321448657","0.08485092703665134","0.05246649321448656","0.08485092703665134","0.03363482329095012"
"889056","0.08316652804500024","0.05418306899995914","0.05418306899995915","0.08316652804500027","0.05418306899995915","0.08316652804500023","0.03224206349206349"
"895104","0.10555905411162192","0.06280464179520695","0.06280464179520696","0.1055590541116219","0.06280464179520696","0.10555905411162193","0.05042989417989419"
"901152","0.28111834656669527","0.08931584254277777","0.17660619847782316","0.1646920546259089","0.1766061984778231","0.16469205462590897","0.23579464244782553"
"907200","0.3760018705981694","0.22779502056915646","0.2154782277933044","0.32126913905525956","0.21547822779330433","0.32126913905525956","0.3676747938278593"
"913248","0.27804138949594864","0.27184556964808604","0.27184556964808604","0.2780413894959487","0.2718455696480861","0.2780413894959487","0.20221560846560846"
"919296","0.09743875231496006","0.06199931341162963","0.061999313411629606","0.09743875231496005","0.06199931341162962","0.09743875231496006","0.038525132275132254"
"925344","0.10467459192970051","0.06424834458593583","0.06424834458593584","0.10467459192970041","0.06424834458593584","0.10467459192970051","0.037254855932984804"
"931392","0.09751589572726933","0.04808458222744692","0.04808458222744693","0.09751589572726935","0.048084582227446916","0.09751589572726935","0.033344691785615416"
"937440","0.08668830624220115","0.04492971966107148","0.04492971966107149","0.08668830624220118","0.044929719661071496","0.08668830624220115","0.03571428571428571"
"943488","0.09927037549697575","0.047936337127400815","0.04793633712740082","0.09927037549697569","0.047936337127400815","0.09927037549697573","0.022817460317460316"
"949536","0.31355071810234847","0.31280083921748614","0.3128008392174861","0.3135507181023484","0.3128008392174862","0.3135507181023484","0.29100529100529104"
"955584","0.2829040084430934","0.281243698078929","0.28124369807892896","0.28290400844309344","0.2812436980789289","0.28290400844309327","0.2714117022999394"
"961632","0.08565036935541534","0.04932922156918507","0.04932922156918508","0.08565036935541531","0.04932922156918507","0.0856503693554154","0.02744514468348801"
"967680","0.089129226970393","0.048471856672923794","0.048471856672923794","0.08912922697039305","0.048471856672923794","0.08912922697039301","0.023974867724867715"
"973728","0.09110523629459348","0.04413135910284633","0.04413135910284633","0.09110523629459347","0.044131359102846324","0.09110523629459354","0.027777777777777794"
"979776","0.09796137032588748","0.05097963375054641","0.05097963375054641","0.0979613703258875","0.05097963375054643","0.09796137032588746","0.03604283735470584"
"985824","0.12240261002684015","0.06755013035810137","0.06755013035810138","0.12240261002684011","0.06755013035810138","0.12240261002684014","0.05785275840284599"
"991872","0.30755070546737195","0.2843140366999856","0.28431403669998556","0.30755070546737207","0.2843140366999857","0.3075507054673722","0.2142857142857143"
"997920","0.2644580764221463","0.17001073034832162","0.17001073034832156","0.26445807642214647","0.1700107303483216","0.2644580764221464","0.17063492063492064"
"1003968","0.1272397075046531","0.08356704289415798","0.08356704289415798","0.12723970750465313","0.08356704289415796","0.12723970750465308","0.06679894179894183"
"1010016","0.07790024937196813","0.04431043907888229","0.0443104390788823","0.07790024937196821","0.04431043907888229","0.0779002493719682","0.016075572655662246"
"1016064","0.11179378147469841","0.06716969166383374","0.06716969166383373","0.11179378147469841","0.06716969166383373","0.11179378147469839","0.051521133688215766"
"1022112","0.14943302223663982","0.10351015943851881","0.10351015943851881","0.1494330222366398","0.10351015943851882","0.1494330222366397","0.045965608465608446"
"1028160","0.1298833006762593","0.08105941618483933","0.08105941618483933","0.12988330067625933","0.08105941618483933","0.12988330067625936","0.0666335978835979"
"1034208","0.16263838534611927","0.09251663341533949","0.09251663341533951","0.16263838534611919","0.09251663341533949","0.16263838534611916","0.11010340355236184"
"1040256","0.30673633890128726","0.21527097836047376","0.2152709783604738","0.3067363389012875","0.2152709783604738","0.30673633890128743","0.2642595479094654"
"1046304","0.2420936399159527","0.2366648769713934","0.2366648769713935","0.24209363991595273","0.23666487697139343","0.2420936399159527","0.1927910052910053"
"1052352","0.11085852232062979","0.08039827156575809","0.08039827156575807","0.11085852232062984","0.08039827156575807","0.11085852232062979","0.05324074074074073"
"1058400","0.12575173429172143","0.08064839391481729","0.08064839391481726","0.12575173429172143","0.08064839391481726","0.12575173429172146","0.06620007958967178"
"1064448","0.09379789518472917","0.04616532131358774","0.04616532131358775","0.09379789518472917","0.04616532131358775","0.09379789518472918","0.035765253315413414"
"1070496","0.11275377785794453","0.07064671071684386","0.07064671071684388","0.11275377785794449","0.07064671071684388","0.11275377785794449","0.05423280423280423"
"1076544","0.09786656789600631","0.04331523376143801","0.04331523376143802","0.09786656789600628","0.04331523376143801","0.09786656789600628","0.03753306878306879"
"1082592","0.30622544167230153","0.28764272786411915","0.28764272786411926","0.3062254416723016","0.28764272786411915","0.3062254416723016","0.2896825396825397"
"1088640","0.27258199363713215","0.2547408092170337","0.2547408092170337","0.2725819936371322","0.2547408092170337","0.2725819936371322","0.2644922333191897"
"1094688","0.09856794757696637","0.04676023064661262","0.046760230646612624","0.09856794757696635","0.046760230646612624","0.09856794757696635","0.0421892046897504"
"1100736","0.11124322796843797","0.07278322023105427","0.07278322023105424","0.11124322796843793","0.07278322023105425","0.11124322796843794","0.040178571428571425"
"1106784","0.09928442439343599","0.06313773181381349","0.06313773181381349","0.09928442439343602","0.06313773181381349","0.09928442439343602","0.0355489417989418"
"1112832","0.09933291106482256","0.05870674552736466","0.05870674552736465","0.09933291106482252","0.05870674552736466","0.09933291106482256","0.04345607831033332"
"1118880","0.12962422964486178","0.08228826059759359","0.08228826059759362","0.1296242296448618","0.0822882605975936","0.12962422964486175","0.04696931724348715"
"1124928","0.27161813238202115","0.2532840922256981","0.2532840922256981","0.2716181323820212","0.25328409222569803","0.2716181323820212","0.25396825396825395"
"1130976","0.21762107211986434","0.14799163706081486","0.14799163706081483","0.21762107211986437","0.14799163706081483","0.21762107211986428","0.2101521164021164"
"1137024","0.10850848206298087","0.064654142048339","0.064654142048339","0.10850848206298085","0.064654142048339","0.10850848206298086","0.0732473544973545"
"1143072","0.0845304745598534","0.05137004898783567","0.051370048987835676","0.0845304745598534","0.051370048987835676","0.08453047455985338","0.021064416566360343"
"1149120","0.09923486265809316","0.06135541033569437","0.061355410335694374","0.09923486265809314","0.06135541033569436","0.09923486265809323","0.03854317927887807"
"1155168","0.08292665993328138","0.050947979556919834","0.050947979556919855","0.08292665993328138","0.050947979556919834","0.08292665993328138","0.025297619047619048"
"1161216","0.10788544921498733","0.07548051291497486","0.07548051291497487","0.10788544921498731","0.07548051291497485","0.10788544921498731","0.05787037037037039"
"1167264","0.13323976195635903","0.060545458100929914","0.06054545810092991","0.1332397619563591","0.060545458100929914","0.1332397619563591","0.08026936120857624"
"1173312","0.26833198391866275","0.17823334070092706","0.17823334070092706","0.2683319839186628","0.17823334070092708","0.2683319839186627","0.23643988252619225"
"1179360","0.1915707951524678","0.18739116476838627","0.18739116476838627","0.1915707951524678","0.18739116476838627","0.19157079515246778","0.16335978835978834"
"1185408","0.10080086507471768","0.06331891549910962","0.06331891549910962","0.10080086507471771","0.06331891549910962","0.1008008650747177","0.03042328042328042"
"1191456","0.09363864173182672","0.059584104645692235","0.059584104645692235","0.09363864173182673","0.05958410464569223","0.09363864173182672","0.03262927184022168"
"1197504","0.09385585869060235","0.053924130455390386","0.05392413045539038","0.0938558586906024","0.05392413045539038","0.09385585869060237","0.031402770576826874"
"1203552","0.10526754344689125","0.061813914882021564","0.06181391488202156","0.10526754344689127","0.06181391488202157","0.10526754344689127","0.05109126984126985"
"1209600","0.10320161588277531","0.059372567067396104","0.059372567067396104","0.10320161588277528","0.0593725670673961","0.1032016158827753","0.03654100529100529"
"1215648","0.3248743618610767","0.32231950910766494","0.32231950910766505","0.3248743618610767","0.32231950910766494","0.32487436186107677","0.273478835978836"
"1221696","0.3077938086650705","0.30079296895651497","0.30079296895651497","0.30779380866507045","0.30079296895651497","0.30779380866507056","0.26051531478514933"
"1227744","0.3159328641851108","0.3056789239994307","0.30567892399943075","0.3159328641851107","0.3056789239994307","0.3159328641851108","0.2937171969889912"
"1233792","0.2800869170277277","0.2694592038650803","0.26945920386508027","0.28008691702772776","0.2694592038650804","0.28008691702772776","0.2524801587301587"
"1239840","0.10724963641428434","0.0646156891052526","0.06461568910525262","0.10724963641428432","0.0646156891052526","0.10724963641428437","0.02943121693121694"
"1245888","0.1069599030900331","0.0669833859950754","0.06698338599507542","0.1069599030900331","0.06698338599507542","0.10695990309003307","0.035283411069197065"
"1251936","0.09662142868869375","0.04470210025109924","0.04470210025109925","0.09662142868869375","0.04470210025109925","0.09662142868869367","0.03154336408187705"
"1257984","0.2459374665971888","0.22689468217980993","0.2268946821798099","0.24593746659718876","0.22689468217980996","0.24593746659718874","0.21808862433862436"
"1264032","0.19892956516220411","0.14089747720959375","0.14089747720959375","0.19892956516220406","0.14089747720959378","0.19892956516220406","0.1798941798941799"
"1270080","0.11445756085701737","0.08918114635598504","0.08918114635598505","0.11445756085701733","0.08918114635598505","0.11445756085701735","0.05505952380952383"
"1276128","0.11215709721906428","0.07481072555701641","0.07481072555701641","0.1121570972190643","0.07481072555701641","0.11215709721906429","0.04322363304540605"
"1282176","0.10855676255172411","0.06684216508166246","0.06684216508166245","0.10855676255172413","0.06684216508166246","0.10855676255172408","0.03154081605831556"
"1288224","0.09542669197667586","0.05083831587251468","0.05083831587251468","0.09542669197667582","0.05083831587251469","0.09542669197667582","0.031746031746031744"
"1294272","0.1225712398455454","0.08580035299191917","0.08580035299191918","0.12257123984554537","0.08580035299191917","0.12257123984554544","0.06828703703703705"
"1300320","0.14968806628629255","0.0731954285208378","0.0731954285208378","0.14968806628629258","0.07319542852083778","0.14968806628629253","0.09718619755530196"
"1306368","0.26681868647310475","0.17657583524285894","0.17657583524285891","0.26681868647310475","0.17657583524285894","0.26681868647310486","0.23833800430721014"
"1312416","0.20503444265521553","0.2001968908881728","0.20019689088817275","0.20503444265521567","0.20019689088817277","0.20503444265521548","0.17675264550264552"
"1318464","0.10336164439425304","0.0706164232107385","0.07061642321073852","0.10336164439425308","0.07061642321073851","0.10336164439425306","0.046957671957671976"
"1324512","0.11575242624230184","0.07970965191540011","0.07970965191540011","0.11575242624230185","0.07970965191540011","0.11575242624230182","0.054290747593520275"
"1330560","0.11385826379834307","0.07131823979659986","0.07131823979659985","0.11385826379834306","0.07131823979659985","0.11385826379834307","0.04681101763342181"
"1336608","0.11515174388815694","0.0718123259931912","0.07181232599319118","0.11515174388815692","0.0718123259931912","0.11515174388815692","0.041501322751322754"
"1342656","0.10679673503495968","0.056953348540972844","0.05695334854097285","0.10679673503495965","0.056953348540972865","0.1067967350349597","0.04249338624338625"
"1348704","0.30357999893401455","0.2837585855268899","0.28375858552689","0.3035799989340145","0.2837585855268898","0.30357999893401455","0.2886904761904762"
"1354752","0.29216640868494803","0.26849689268149346","0.26849689268149346","0.2921664086849482","0.2684968926814935","0.29216640868494814","0.28032325928621005"
"1360800","0.45737290451894924","0.05966645613354991","0.3915177606075666","0.09893914631379509","0.3915177606075666","0.09893914631379512","0.457435695268953"
"1366848","0.09123017182494854","0.05380257260872211","0.06285241711808519","0.08373589352675272","0.06285241711808517","0.08373589352675273","0.03260436684432888"
"1372896","0.0759632856108147","0.03831992626541977","0.03831992626541977","0.07596328561081471","0.03831992626541976","0.07596328561081471","0.018187830687830687"
"1378944","0.10555657500311162","0.058143313289992914","0.058143313289992914","0.1055565750031116","0.05814331328999292","0.10555657500311164","0.04059808110386623"
"1384992","0.32616357810219504","0.26360984901276346","0.26360984901276346","0.32616357810219504","0.2636098490127634","0.3261635781021951","0.3117155352137404"
"1391040","0.05191807292501735","0.05158430740319428","0.05158430740319427","0.05191807292501738","0.051584307403194266","0.05191807292501738","0.05191798941798943"
"1397088","0.20553637435430913","0.2055460254981902","0.2055460254981902","0.2055363743543091","0.2055460254981902","0.20553637435430916","0.2055224867724868"
"1403136","0.12707421835969537","0.09000093756581447","0.09000093756581443","0.12707421835969535","0.09000093756581447","0.12707421835969535","0.08647486772486773"
"1409184","0.0888284640196973","0.0528656868345823","0.0528656868345823","0.08882846401969731","0.0528656868345823","0.08882846401969727","0.0316472261465058"
"1415232","0.07636404969915464","0.04212393332399879","0.04212393332399878","0.07636404969915464","0.04212393332399879","0.07636404969915461","0.023385410738366863"
"1421280","0.10396190063704597","0.07528512305436631","0.07528512305436631","0.10396190063704597","0.0752851230543663","0.10396190063704598","0.045304232804232826"
"1427328","0.09674398427022782","0.06060709781582124","0.06060709781582124","0.0967439842702278","0.06060709781582125","0.0967439842702278","0.0441468253968254"
"1433376","0.13630507118398894","0.08068797017186419","0.08068797017186419","0.13630507118398885","0.08068797017186419","0.13630507118398885","0.09881429172700275"
"1439424","0.2559342457348302","0.16255013715580133","0.16255013715580133","0.2559342457348301","0.16255013715580133","0.25593424573483015","0.2554678083044637"
"1445472","0.22817370456636768","0.2218789341271291","0.22187893412712914","0.22817370456636757","0.22187893412712914","0.22817370456636768","0.22123015873015875"
"1451520","0.09056606945344864","0.054599774846819445","0.05459977484681943","0.0905660694534487","0.054599774846819445","0.09056606945344868","0.03505291005291006"
"1457568","0.10230432581022633","0.06828437200471874","0.06828437200471874","0.10230432581022635","0.06828437200471874","0.10230432581022637","0.05260196454202401"
"1463616","0.10975566452346969","0.05737344598694832","0.05737344598694831","0.10975566452346974","0.05737344598694831","0.10975566452346973","0.05017407097130119"
"1469664","0.10120007949869061","0.05683780409872656","0.05683780409872655","0.10120007949869063","0.05683780409872657","0.1012000794986906","0.05092592592592593"
"1475712","0.09080604323659883","0.04462321999482821","0.04462321999482821","0.09080604323659883","0.04462321999482821","0.09080604323659877","0.03571428571428572"
"1481760","0.31471652704291586","0.30314295526189244","0.3031429552618924","0.3147165270429158","0.30314295526189244","0.31471652704291586","0.3034060846560847"
"1487808","0.2655784716174017","0.2521736967573607","0.2521736967573607","0.2655784716174016","0.2521736967573607","0.26557847161740167","0.2655493036456879"
"1493856","0.07632484549674774","0.04736801154780237","0.04736801154780235","0.07632484549674771","0.04736801154780236","0.07632484549674774","0.029744228436476398"
"1499904","0.07645075011838579","0.04348648353443458","0.04348648353443458","0.07645075011838577","0.04348648353443457","0.07645075011838577","0.02463624338624338"
"1505952","0.08606354997464494","0.047240340461953315","0.047240340461953315","0.08606354997464491","0.04724034046195332","0.08606354997464497","0.03273809523809524"
"1512000","0.08603047646374057","0.053275143749331844","0.05327514374933184","0.08603047646374055","0.05327514374933184","0.08603047646374055","0.026640391644345587"
"1518048","0.10662714683243278","0.06531744228566666","0.06531744228566665","0.10662714683243277","0.06531744228566665","0.10662714683243271","0.06361153946198933"
"1524096","0.2561656996552829","0.24802932654666232","0.24802932654666235","0.256165699655283","0.24802932654666227","0.25616569965528296","0.24553571428571433"
"1530144","0.21665429491893848","0.15770231503933768","0.15770231503933763","0.21665429491893864","0.15770231503933768","0.21665429491893862","0.21064814814814814"
"1536192","0.10190572477710158","0.05964845843969867","0.05964845843969866","0.10190572477710158","0.059648458439698654","0.10190572477710158","0.06283068783068785"
"1542240","0.08046356068246449","0.04591358127889189","0.04591358127889189","0.0804635606824645","0.0459135812788919","0.08046356068246445","0.023329657921071494"
"1548288","0.08890365205952415","0.05082225440213645","0.050822254402136446","0.0889036520595241","0.050822254402136446","0.08890365205952415","0.02831753777835212"
"1554336","0.07819847938751362","0.048422324679382636","0.04842232467938263","0.07819847938751362","0.048422324679382636","0.07819847938751359","0.02447089947089949"
"1560384","0.09405742723935552","0.061509568989502605","0.0615095689895026","0.09405742723935553","0.061509568989502605","0.0940574272393555","0.04563492063492066"
"1566432","0.18567035465775028","0.10353151608662428","0.10353151608662427","0.1856703546577504","0.10353151608662427","0.18567035465775034","0.11793076332838301"
"1572480","0.31847130419346004","0.22538250431255627","0.22538250431255627","0.31847130419346","0.22538250431255627","0.31847130419346015","0.24904518965084324"
"1578528","0.2882048029466508","0.28234125081566036","0.28234125081566036","0.2882048029466508","0.2823412508156604","0.28820480294665063","0.21031746031746035"
"1584576","0.13012363179180808","0.0888997055640251","0.08889970556402511","0.13012363179180805","0.0888997055640251","0.13012363179180808","0.053571428571428575"
"1590624","0.1275776208230358","0.07493333798534528","0.0749333379853453","0.1275776208230357","0.0749333379853453","0.1275776208230358","0.059960636663872205"
"1596672","0.09693440851182","0.04866981568250347","0.04866981568250346","0.09693440851182","0.04866981568250347","0.09693440851181995","0.029292172563033892"
"1602720","0.10312107516968624","0.050549741661640675","0.05054974166164067","0.10312107516968627","0.05054974166164067","0.10312107516968624","0.045800264550264556"
"1608768","0.09807541352680238","0.05040436739328626","0.05040436739328625","0.09807541352680241","0.050404367393286256","0.0980754135268024","0.039682539682539694"
"1614816","0.3185535842087774","0.31606000411035856","0.3160600041103585","0.3185535842087775","0.31606000411035845","0.3185535842087774","0.31613756613756616"
"1620864","0.2711562580335338","0.2673497378991336","0.2673497378991336","0.27115625803353377","0.26734973789913363","0.2711562580335338","0.270859790826615"
"1626912","0.10196111259540046","0.0654879029053233","0.06548790290532329","0.10196111259540044","0.0654879029053233","0.1019611125954004","0.05004487527761845"
"1632960","0.11532554379776602","0.0782922777059559","0.07829227770595591","0.11532554379776604","0.07829227770595591","0.115325543797766","0.05274470899470899"
"1639008","0.10944130749322933","0.0699520873855576","0.06995208738555758","0.10944130749322924","0.06995208738555758","0.1094413074932293","0.026289682539682557"
"1645056","0.10413843953163093","0.06475535879942881","0.06475535879942881","0.10413843953163099","0.06475535879942881","0.10413843953163092","0.049551309214795204"
"1651104","0.1362199328200081","0.09510591994852943","0.09510591994852946","0.13621993282000805","0.09510591994852945","0.13621993282000808","0.04746523748131383"
"1657152","0.28282285487146597","0.27137891668685465","0.2713789166868546","0.282822854871466","0.27137891668685477","0.282822854871466","0.22437169312169317"
"1663200","0.21060581008497667","0.14985770222755174","0.1498577022275518","0.2106058100849767","0.1498577022275518","0.2106058100849768","0.1875"
"1669248","0.11671914175688332","0.07572671949467014","0.07572671949467012","0.11671914175688328","0.07572671949467015","0.11671914175688333","0.0720899470899471"
"1675296","0.11836836240634742","0.08673635368961918","0.08673635368961918","0.11836836240634739","0.08673635368961917","0.11836836240634747","0.04549619017289759"
"1681344","0.07759713370721481","0.043723508273915565","0.043723508273915565","0.0775971337072148","0.04372350827391556","0.07759713370721483","0.027985356684303957"
"1687392","0.08069366841169162","0.044906116703066074","0.04490611670306608","0.08069366841169168","0.04490611670306608","0.08069366841169166","0.024801587301587297"
"1693440","0.10084703120475087","0.06217669444765008","0.06217669444765009","0.10084703120475083","0.062176694447650095","0.10084703120475089","0.047123015873015865"
"1699488","0.19150534578935208","0.10847754458279885","0.10847754458279885","0.19150534578935197","0.10847754458279886","0.19150534578935197","0.1190586123196761"
"1705536","0.29239609677895356","0.1995540391818855","0.19955403918188544","0.29239609677895356","0.19955403918188547","0.29239609677895356","0.26965105302913567"
"1711584","0.2618848944935901","0.2525128285001639","0.2525128285001638","0.2618848944935901","0.2525128285001639","0.26188489449359015","0.22139550264550267"
"1717632","0.09693160324198972","0.05324466559755621","0.05324466559755621","0.09693160324198972","0.053244665597556216","0.09693160324198968","0.03472222222222223"
"1723680","0.08020988309277557","0.03681539061101105","0.036815390611011044","0.08020988309277555","0.03681539061101104","0.0802098830927755","0.02988696579151488"
"1729728","0.07980123419330896","0.03761475732424109","0.03761475732424109","0.079801234193309","0.037614757324241084","0.07980123419330899","0.028838153466153385"
"1735776","0.09575283255838808","0.06161161583914283","0.06161161583914282","0.09575283255838814","0.061611615839142826","0.09575283255838812","0.051421957671957674"
"1741824","0.11989521538132653","0.0716510479769994","0.0716510479769994","0.11989521538132647","0.07165104797699941","0.1198952153813265","0.050264550264550255"
"1747872","0.3176019381182425","0.3169324879580057","0.31693248795800566","0.3176019381182424","0.31693248795800566","0.31760193811824244","0.2895171957671958"
"1753920","0.2932193608335327","0.290378985274455","0.290378985274455","0.293219360833533","0.29037898527445505","0.29321936083353284","0.25789052951280167"
"1759968","0.09926237310148324","0.06852750662030785","0.06852750662030785","0.09926237310148324","0.06852750662030785","0.09926237310148318","0.022446548694014037"
"1766016","0.08083270470019505","0.04136858750618933","0.041368587506189325","0.08083270470019502","0.041368587506189325","0.08083270470019503","0.017361111111111105"
"1772064","0.10710873869586726","0.06207593672814702","0.062075936728147006","0.10710873869586729","0.06207593672814701","0.10710873869586726","0.03786375661375663"
"1778112","0.10055663343238447","0.06428224861949605","0.06428224861949605","0.10055663343238451","0.06428224861949607","0.10055663343238447","0.05115569109735371"
"1784160","0.11707162849314481","0.06490846431857222","0.06490846431857224","0.11707162849314484","0.06490846431857222","0.11707162849314486","0.05296921082043854"
"1790208","0.3078497858879803","0.3011445298922489","0.30114452989224894","0.30784978588798034","0.3011445298922489","0.3078497858879803","0.2283399470899471"
"1796256","0.203643959871315","0.16219248653829604","0.16219248653829607","0.2036439598713149","0.16219248653829607","0.20364395987131495","0.1552579365079365"
"1802304","0.15334090742076856","0.12456279708413621","0.12456279708413621","0.15334090742076847","0.12456279708413623","0.1533409074207685","0.08316798941798943"
"1808352","0.09397157855529217","0.05155653398866533","0.051556533988665325","0.09397157855529216","0.05155653398866533","0.09397157855529215","0.01847011238481914"
"1814400","0.296429201282478","0.04007701593735788","0.18184880305465226","0.08303456051731743","0.18184880305465215","0.0830345605173174","0.25895569992818296"
"1820448","0.26460579842312304","0.03699700332260762","0.15843092333281927","0.07219792556113615","0.15843092333281933","0.07219792556113616","0.22979182308521967"
"1826496","0.09368961082462374","0.05590717468914205","0.055907174689142046","0.09368961082462375","0.05590717468914205","0.09368961082462376","0.043650793650793655"
"1832544","0.15732262115570378","0.07863116011230366","0.07863116011230364","0.15732262115570375","0.07863116011230366","0.15732262115570375","0.12265159687233229"
"1838592","0.26680064021656097","0.1648160700757099","0.1648160700757099","0.2668006402165609","0.16481607007570986","0.26680064021656097","0.2664461678121557"
"1844640","0.20678956250740674","0.19756177919097428","0.19756177919097428","0.2067895625074067","0.1975617791909743","0.20678956250740665","0.19742063492063494"
"1850688","0.08404649242888972","0.044870763908701594","0.044870763908701594","0.08404649242888974","0.0448707639087016","0.08404649242888977","0.027943121693121693"
"1856736","0.10147859475033881","0.060359919801069445","0.06035991980106943","0.10147859475033877","0.060359919801069445","0.1014785947503388","0.04202575550488644"
"1862784","0.09769589948017733","0.04907469252961426","0.04907469252961425","0.09769589948017726","0.049074692529614244","0.09769589948017732","0.04282272420439864"
"1868832","0.10051835716841753","0.06304408785952344","0.06304408785952344","0.1005183571684175","0.06304408785952344","0.10051835716841759","0.055059523809523815"
"1874880","0.1038763181765899","0.05685861279655908","0.056858612796559085","0.10387631817658985","0.056858612796559085","0.10387631817658993","0.027777777777777783"
"1880928","0.3175464876363125","0.3044636765290592","0.3044636765290592","0.3175464876363124","0.30446367652905926","0.31754648763631255","0.2779431216931217"
"1886976","0.3065237877971055","0.2883343571782592","0.2883343571782592","0.3065237877971055","0.2883343571782593","0.3065237877971055","0.2636052249273019"
"1893024","0.13170640614262472","0.06669119609155179","0.0666911960915518","0.13170640614262477","0.0666911960915518","0.1317064061426248","0.042883841882010325"
"1899072","0.09095546449793865","0.059765495792021756","0.05976549579202175","0.09095546449793863","0.059765495792021756","0.09095546449793869","0.03637566137566137"
"1905120","0.0808954223622344","0.040258800173608965","0.040258800173608965","0.08089542236223438","0.04025880017360897","0.08089542236223438","0.01835317460317461"
"1911168","0.08595739939077211","0.052119488288098766","0.05211948828809878","0.0859573993907721","0.052119488288098786","0.08595739939077211","0.031681412407652626"
"1917216","0.11007654361721875","0.06801209055298367","0.06801209055298367","0.11007654361721883","0.06801209055298368","0.1100765436172188","0.06018545569251571"
"1923264","0.26469356261022936","0.25646428220333334","0.25646428220333334","0.2646935626102293","0.25646428220333334","0.2646935626102293","0.2567791005291005"
"1929312","0.2089690705217578","0.1636861382084129","0.1636861382084129","0.20896907052175778","0.1636861382084129","0.20896907052175775","0.19312169312169314"
"1935360","0.09117391892527764","0.06411573899003485","0.06411573899003487","0.09117391892527765","0.06411573899003485","0.09117391892527762","0.05787037037037037"
"1941408","0.21128866469438512","0.14903545146675634","0.14903545146675637","0.21128866469438518","0.14903545146675637","0.2112886646943852","0.18574942127679864"
"1947456","0.24364398582346936","0.04897816660494514","0.04897816660494513","0.2436439858234693","0.04897816660494513","0.2436439858234693","0.24366274772682006"
"1953504","0.1492913855781266","0.11956677681548424","0.11956677681548422","0.14929138557812655","0.11956677681548424","0.14929138557812655","0.13095238095238096"
"1959552","0.10597577068830298","0.05703634386245064","0.05703634386245065","0.10597577068830294","0.05703634386245064","0.10597577068830298","0.059854497354497355"
"1965600","0.1742483095677183","0.11015899371867714","0.11015899371867714","0.17424830956771828","0.11015899371867716","0.17424830956771833","0.09837435895473298"
"1971648","0.26560246099687074","0.17839243032680305","0.17839243032680302","0.2656024609968706","0.17839243032680302","0.26560246099687074","0.24411164775726119"
"1977696","0.24530732256426696","0.2400376358913497","0.24003763589134966","0.24530732256426693","0.2400376358913497","0.245307322564267","0.19146825396825395"
"1983744","0.08278327072484679","0.04907952008918634","0.049079520089186326","0.08278327072484683","0.049079520089186326","0.08278327072484681","0.02959656084656085"
"1989792","0.09140865615902687","0.05112622466408964","0.05112622466408964","0.09140865615902691","0.05112622466408965","0.0914086561590269","0.03673339158046306"
"1995840","0.0944813754532074","0.042897285128058425","0.042897285128058425","0.09448137545320745","0.04289728512805842","0.09448137545320745","0.02325853350205864"
"2001888","0.09350778423468639","0.056368199592060395","0.056368199592060415","0.09350778423468636","0.056368199592060395","0.09350778423468635","0.040343915343915335"
"2007936","0.10044618168108503","0.05964432570842243","0.05964432570842243","0.10044618168108502","0.05964432570842243","0.10044618168108499","0.03951719576719577"
"2013984","0.3100446410417727","0.30609279654903393","0.30609279654903393","0.31004464104177265","0.306092796549034","0.3100446410417727","0.3060515873015873"
"2020032","0.27498076723547854","0.2697547707626023","0.26975477076260235","0.27498076723547854","0.2697547707626023","0.27498076723547854","0.2743526111144581"
"2026080","0.0965247738221808","0.055222923527016805","0.05522292352701682","0.09652477382218076","0.055222923527016805","0.09652477382218072","0.02971177065510173"
"2032128","0.10104755488314925","0.05981183313688539","0.05981183313688538","0.10104755488314923","0.05981183313688537","0.10104755488314925","0.03488756613756615"
"2038176","0.07980236974301895","0.04703475146743819","0.047034751467438185","0.07980236974301899","0.04703475146743819","0.07980236974301895","0.032903439153439164"
"2044224","0.08936476191586269","0.05217577795073035","0.05217577795073035","0.08936476191586273","0.05217577795073034","0.08936476191586275","0.04032072580839949"
"2050272","0.09875482229941976","0.05238841787744914","0.05238841787744914","0.09875482229941973","0.052388417877449134","0.09875482229941976","0.056889316074578644"
"2056320","0.2625578703703703","0.24288852748022455","0.24288852748022458","0.2625578703703703","0.24288852748022458","0.2625578703703703","0.2541335978835979"
"2062368","0.22220790076692845","0.1590589391023777","0.15905893910237773","0.22220790076692845","0.1590589391023777","0.22220790076692848","0.2086640211640212"
"2068416","0.10679748296747085","0.058246992764308704","0.0582469927643087","0.10679748296747085","0.0582469927643087","0.10679748296747088","0.07374338624338625"
"2074464","0.07937882628983682","0.0517148692924571","0.05171486929245708","0.07937882628983686","0.0517148692924571","0.07937882628983686","0.029050440467859796"
"2080512","0.06888632503284921","0.038444943775658894","0.038444943775658894","0.06888632503284918","0.038444943775658894","0.06888632503284915","0.02444647996399282"
"2086560","0.07730587082371641","0.04022898414961452","0.040228984149614504","0.07730587082371643","0.04022898414961451","0.07730587082371643","0.015376984126984128"
"2092608","0.10333525807322648","0.06746251818985011","0.06746251818985013","0.10333525807322642","0.06746251818985013","0.10333525807322641","0.06200396825396825"
"2098656","0.16580238923668458","0.09418411721324815","0.09418411721324818","0.1658023892366846","0.09418411721324818","0.1658023892366846","0.1055524921757513"
"2104704","0.29051792273178806","0.20162759211963163","0.2016275921196317","0.29051792273178806","0.2016275921196317","0.29051792273178806","0.2525849753292218"
"2110752","0.24999770355673134","0.2463613738108111","0.24636137381081116","0.24999770355673123","0.24636137381081114","0.24999770355673123","0.20618386243386244"
"2116800","0.0795005259490465","0.04427441243766088","0.04427441243766088","0.07950052594904644","0.04427441243766088","0.07950052594904647","0.02397486772486773"
"2122848","0.09641037998389906","0.062033188155450926","0.06203318815545093","0.09641037998389902","0.06203318815545093","0.09641037998389906","0.04266082437549558"
"2128896","0.1032069884545638","0.06228591524003697","0.06228591524003696","0.10320698845456378","0.062285915240036974","0.10320698845456383","0.04720114779414047"
"2134944","0.10167772517561165","0.07057210549831941","0.07057210549831938","0.10167772517561159","0.07057210549831941","0.1016777251756116","0.039021164021164026"
"2140992","0.08680964013844447","0.04025777519175779","0.04025777519175779","0.08680964013844449","0.040257775191757786","0.08680964013844447","0.03042328042328043"
"2147040","0.29599395547085755","0.2922293221773711","0.2922293221773711","0.2959939554708576","0.2922293221773711","0.2959939554708576","0.2923280423280423"
"2153088","0.26263859165455167","0.2574160243468268","0.25741602434682676","0.26263859165455167","0.2574160243468267","0.26263859165455167","0.2623252106416682"
"2159136","0.08284794729677794","0.051638684733684326","0.05163868473368434","0.08284794729677791","0.05163868473368432","0.08284794729677795","0.02575439389398288"
"2165184","0.09312942820291006","0.046522165199139445","0.04652216519913944","0.0931294282029101","0.046522165199139445","0.0931294282029101","0.02827380952380953"
"2171232","0.08325390455558417","0.036431801703557365","0.03643180170355736","0.08325390455558417","0.03643180170355736","0.08325390455558415","0.024470899470899456"
"2177280","0.08130291661361676","0.044438615436579045","0.04443861543657906","0.08130291661361674","0.04443861543657905","0.0813029166136168","0.03734377088000586"
"2183328","0.09424218321056288","0.05370553141839374","0.05370553141839375","0.09424218321056282","0.053705531418393744","0.09424218321056284","0.04738507943850092"
"2189376","0.24511897246272246","0.2347554018197267","0.23475540181972668","0.24511897246272246","0.23475540181972668","0.24511897246272238","0.23462301587301587"
"2195424","0.21763893354699504","0.16748109992936375","0.16748109992936377","0.21763893354699512","0.1674810999293637","0.2176389335469952","0.20337301587301587"
"2201472","0.1225025335306132","0.07864894419936469","0.0786489441993647","0.12250253353061322","0.0786489441993647","0.12250253353061323","0.0828373015873016"
"2207520","0.1027654091148141","0.04797361151626993","0.04797361151626993","0.10276540911481409","0.047973611516269936","0.1027654091148141","0.025637334316109775"
"2213568","0.09522192416076797","0.057898413530355776","0.05789841353035578","0.09522192416076798","0.057898413530355776","0.09522192416076791","0.027665804386838536"
"2219616","0.19516677343914093","0.18115582193730337","0.18115582193730334","0.195166773439141","0.1811558219373034","0.19516677343914093","0.17972883597883596"
"2225664","0.1902456120358252","0.03740605215274302","0.037406052152743015","0.19024561203582524","0.03740605215274301","0.1902456120358252","0.18816137566137564"
"2231712","0.2697817525010886","0.11052707211132445","0.11052707211132445","0.2697817525010885","0.11052707211132447","0.2697817525010885","0.26860128977957476"
"2237760","0.259668724679554","0.16251580391307857","0.1625158039130786","0.259668724679554","0.16251580391307857","0.25966872467955404","0.2590348194349407"
"2243808","0.24293719886639575","0.2361748733223563","0.2361748733223563","0.24293719886639564","0.2361748733223563","0.24293719886639567","0.23611111111111116"
"2249856","0.10133714357748175","0.05156770121840736","0.05156770121840735","0.10133714357748169","0.05156770121840734","0.10133714357748176","0.037533068783068765"
"2255904","0.1012844593210386","0.05592721949245673","0.05592721949245672","0.10128445932103865","0.055927219492456715","0.10128445932103863","0.04715394121503978"
