"points","all_attributes","Airline_Flight_AirportFrom_AirportTo","Airline_Flight_AirportFrom_DayOfWeek","Airline_Flight_AirportFrom_Time","Airline_Flight_AirportFrom_Length","Airline_Flight_AirportTo_DayOfWeek","Airline_Flight_AirportTo_Time","Airline_Flight_AirportTo_Length","Airline_Flight_DayOfWeek_Time","Airline_Flight_DayOfWeek_Length","Airline_Flight_Time_Length","Airline_AirportFrom_AirportTo_DayOfWeek","Airline_AirportFrom_AirportTo_Time","Airline_AirportFrom_AirportTo_Length","Airline_AirportFrom_DayOfWeek_Time","Airline_AirportFrom_DayOfWeek_Length","Airline_AirportFrom_Time_Length","Airline_AirportTo_DayOfWeek_Time","Airline_AirportTo_DayOfWeek_Length","Airline_AirportTo_Time_Length","Airline_DayOfWeek_Time_Length","Flight_AirportFrom_AirportTo_DayOfWeek","Flight_AirportFrom_AirportTo_Time","Flight_AirportFrom_AirportTo_Length","Flight_AirportFrom_DayOfWeek_Time","Flight_AirportFrom_DayOfWeek_Length","Flight_AirportFrom_Time_Length","Flight_AirportTo_DayOfWeek_Time","Flight_AirportTo_DayOfWeek_Length","Flight_AirportTo_Time_Length","Flight_DayOfWeek_Time_Length","AirportFrom_AirportTo_DayOfWeek_Time","AirportFrom_AirportTo_DayOfWeek_Length","AirportFrom_AirportTo_Time_Length","AirportFrom_DayOfWeek_Time_Length","AirportTo_DayOfWeek_Time_Length"
"5000","0.9423999999999155","0.5661999999999578","0.3001999999999942","0.813599999999964","0.416399999999984","0.26199999999999524","0.8227999999999722","0.39059999999998496","0.7137999999999999","0.10100000000000008","0.735599999999998","0.39699999999997626","0.910599999999922","0.45259999999997014","0.7811999999999769","0.29639999999999284","0.8261999999999592","0.7921999999999795","0.2811999999999935","0.845199999999966","0.723199999999999","0.525399999999964","0.9277999999999198","0.5699999999999592","0.7733999999999862","0.30659999999999454","0.8233999999999625","0.7701999999999882","0.2823999999999955","0.8345999999999683","0.7098000000000002","0.8733999999999372","0.36819999999998243","0.8845999999999323","0.768599999999988","0.770199999999989"
"10000","0.978199999999912","0.5623999999999584","0.2667999999999956","0.9233999999999597","0.38819999999998445","0.25019999999999604","0.9273999999999606","0.38219999999998533","0.9034000000000004","0.10860000000000014","0.9047999999999966","0.4011999999999755","0.9589999999999157","0.44259999999997196","0.9147999999999719","0.27759999999999335","0.9293999999999537","0.9179999999999726","0.2729999999999938","0.9301999999999546","0.9037999999999993","0.5175999999999652","0.9701999999999158","0.5559999999999609","0.9073999999999819","0.2919999999999951","0.9255999999999565","0.9119999999999816","0.2801999999999954","0.924599999999959","0.9034","0.9415999999999268","0.3607999999999836","0.9491999999999245","0.9087999999999804","0.9109999999999823"
"15000","0.9609999999999136","0.5577999999999592","0.540799999999981","0.873399999999962","0.4047999999999838","0.613999999999986","0.8635999999999656","0.38959999999998485","0.8045999999999993","0.4873999999999999","0.8089999999999969","0.6705999999999498","0.9333999999999198","0.4523999999999718","0.8579999999999729","0.5653999999999754","0.8873999999999562","0.8357999999999752","0.6171999999999818","0.8733999999999603","0.8057999999999991","0.7309999999999427","0.9437999999999181","0.5631999999999601","0.840799999999981","0.5599999999999805","0.8743999999999593","0.8255999999999831","0.6113999999999843","0.8661999999999626","0.8042000000000001","0.9043999999999318","0.6389999999999599","0.9145999999999287","0.8441999999999821","0.8231999999999863"
"20000","0.9487999999999154","0.5721999999999574","0.6629999999999815","0.8459999999999681","0.40639999999998355","0.5751999999999786","0.8527999999999639","0.40399999999998326","0.7586","0.5288000000000004","0.7671999999999978","0.7125999999999454","0.9159999999999209","0.46219999999997047","0.8219999999999777","0.6713999999999789","0.8583999999999613","0.8319999999999745","0.5925999999999749","0.8575999999999578","0.7617999999999988","0.76779999999994","0.9341999999999189","0.5673999999999595","0.799999999999986","0.6589999999999814","0.8565999999999634","0.8107999999999848","0.5875999999999795","0.8489999999999615","0.7575999999999995","0.8845999999999351","0.6823999999999562","0.8949999999999319","0.7945999999999871","0.812199999999985"
"25000","0.99039999999991","0.5607999999999579","0.26499999999999596","0.9683999999999611","0.38859999999998446","0.2615999999999954","0.9669999999999589","0.40079999999998345","0.9571999999999996","0.10400000000000015","0.9573999999999967","0.39359999999997586","0.9829999999999143","0.4419999999999712","0.9641999999999716","0.27439999999999354","0.9697999999999553","0.9627999999999695","0.2811999999999936","0.9697999999999515","0.9571999999999989","0.5169999999999649","0.9865999999999137","0.55959999999996","0.9593999999999827","0.2787999999999951","0.9665999999999566","0.9593999999999809","0.2893999999999952","0.9673999999999549","0.9571999999999998","0.9763999999999249","0.35479999999998285","0.9781999999999221","0.9593999999999836","0.9609999999999818"
"30000","0.9373999999999162","0.5625999999999584","0.2587999999999956","0.8033999999999692","0.38639999999998514","0.27639999999999515","0.8085999999999659","0.3947999999999837","0.6855999999999999","0.10240000000000003","0.7101999999999976","0.4019999999999757","0.8949999999999232","0.43739999999997187","0.7649999999999791","0.28159999999999386","0.8165999999999644","0.7693999999999765","0.2783999999999943","0.81739999999996","0.6901999999999997","0.5163999999999654","0.9177999999999208","0.5479999999999613","0.7469999999999876","0.27799999999999575","0.806799999999968","0.7573999999999873","0.2831999999999949","0.8145999999999658","0.6818000000000001","0.8561999999999371","0.3513999999999836","0.8675999999999326","0.7457999999999884","0.7541999999999864"
"35000","0.9657999999999131","0.5707999999999591","0.8809999999999719","0.8875999999999604","0.41759999999998365","0.8979999999999743","0.9141999999999644","0.41119999999998347","0.8681999999999996","0.8687999999999992","0.8701999999999963","0.9225999999999275","0.9433999999999185","0.44319999999997234","0.884199999999973","0.8879999999999635","0.9021999999999566","0.8985999999999749","0.9047999999999683","0.9265999999999582","0.8689999999999993","0.9341999999999253","0.9563999999999174","0.5733999999999596","0.8715999999999836","0.8835999999999703","0.9009999999999594","0.8883999999999844","0.8999999999999735","0.920399999999962","0.8681999999999996","0.9269999999999313","0.9185999999999382","0.9355999999999256","0.8899999999999835","0.8949999999999849"
"40000","0.9597999999999145","0.568399999999958","0.3861999999999918","0.8811999999999621","0.4217999999999835","0.32959999999999123","0.8953999999999652","0.39519999999998334","0.8549999999999998","0.18420000000000014","0.8559999999999968","0.47059999999996843","0.9407999999999183","0.4621999999999697","0.869799999999975","0.38239999999998914","0.8889999999999573","0.8799999999999758","0.34499999999998865","0.9045999999999608","0.8555999999999988","0.5741999999999582","0.948399999999917","0.5675999999999595","0.864399999999984","0.3809999999999918","0.8873999999999579","0.8661999999999838","0.3441999999999905","0.8939999999999622","0.8550000000000002","0.9181999999999305","0.43779999999997565","0.9245999999999279","0.8671999999999853","0.864799999999985"
"45000","0.9439999999999156","0.5563999999999584","0.2581999999999956","0.8109999999999673","0.3873999999999837","0.25179999999999625","0.8169999999999666","0.38719999999998456","0.7056000000000002","0.09560000000000003","0.7247999999999977","0.3965999999999758","0.9045999999999215","0.4385999999999718","0.7723999999999784","0.27199999999999375","0.8225999999999624","0.7809999999999783","0.2711999999999935","0.8245999999999623","0.7119999999999999","0.5093999999999651","0.9275999999999203","0.5513999999999598","0.7597999999999875","0.2799999999999957","0.8227999999999656","0.7661999999999872","0.28599999999999487","0.8219999999999652","0.707","0.8699999999999349","0.35519999999998364","0.8805999999999319","0.7673999999999863","0.7625999999999884"
"50000","0.9959999999999114","0.5565999999999593","0.38699999999998713","0.987799999999961","0.3959999999999843","0.43719999999999026","0.9861999999999618","0.3947999999999846","0.9843999999999989","0.2702","0.9843999999999967","0.5257999999999626","0.9925999999999149","0.4497999999999717","0.9863999999999695","0.404799999999983","0.9881999999999544","0.9859999999999699","0.4315999999999886","0.9869999999999541","0.9843999999999995","0.6103999999999541","0.9945999999999141","0.5521999999999613","0.9855999999999813","0.40159999999998724","0.9877999999999573","0.9847999999999821","0.4359999999999909","0.9871999999999578","0.9844000000000002","0.9897999999999257","0.4789999999999726","0.9905999999999234","0.9853999999999805","0.984999999999985"
"55000","0.9591999999999145","0.5727999999999579","0.8387999999999777","0.9009999999999668","0.42019999999998275","0.7707999999999737","0.8461999999999661","0.4197999999999833","0.7743999999999998","0.7615999999999993","0.7935999999999968","0.8667999999999318","0.9377999999999191","0.45539999999997144","0.8781999999999746","0.8505999999999714","0.9079999999999614","0.8361999999999752","0.7885999999999672","0.8649999999999598","0.7841999999999995","0.8827999999999295","0.9471999999999183","0.574799999999958","0.8413999999999845","0.8317999999999751","0.889799999999964","0.8247999999999882","0.7813999999999717","0.859199999999962","0.7635999999999997","0.904399999999934","0.8455999999999448","0.9145999999999309","0.8357999999999869","0.8265999999999858"
"60000","0.9981999999999096","0.5717999999999578","0.26759999999999534","0.992599999999958","0.404799999999984","0.25419999999999604","0.9933999999999598","0.3905999999999851","0.9910000000000001","0.11720000000000011","0.9909999999999963","0.4039999999999759","0.9969999999999113","0.4517999999999708","0.9923999999999694","0.2903999999999938","0.9929999999999498","0.9923999999999722","0.27919999999999384","0.9933999999999507","0.9909999999999997","0.5331999999999635","0.9977999999999116","0.574999999999958","0.9915999999999809","0.30159999999999454","0.9931999999999531","0.9911999999999823","0.28519999999999474","0.9919999999999557","0.9910000000000002","0.9957999999999214","0.36899999999998323","0.9963999999999187","0.9915999999999812","0.9911999999999811"
"65000","0.9679999999999124","0.576799999999958","0.480999999999984","0.8805999999999601","0.41579999999998246","0.5507999999999859","0.8773999999999624","0.4161999999999848","0.8218000000000001","0.4062","0.8297999999999964","0.6221999999999538","0.9463999999999172","0.4795999999999698","0.8589999999999756","0.5033999999999805","0.8931999999999557","0.8569999999999746","0.5491999999999845","0.8879999999999563","0.8222000000000002","0.687599999999947","0.9575999999999159","0.5763999999999585","0.8517999999999835","0.4969999999999844","0.8933999999999583","0.845399999999983","0.5381999999999866","0.8865999999999596","0.8198000000000001","0.9205999999999297","0.5791999999999643","0.9271999999999258","0.8553999999999822","0.8471999999999833"
"70000","0.9689999999999125","0.5889999999999573","0.7303999999999823","0.9009999999999615","0.4291999999999837","0.6541999999999767","0.8929999999999587","0.4287999999999837","0.8197999999999996","0.6201999999999993","0.8281999999999959","0.7701999999999412","0.9475999999999176","0.4725999999999707","0.8737999999999739","0.7387999999999767","0.9025999999999572","0.8753999999999708","0.6715999999999718","0.8977999999999535","0.8215999999999987","0.8071999999999362","0.9581999999999166","0.5821999999999586","0.8555999999999817","0.7205999999999787","0.8993999999999567","0.8607999999999812","0.6587999999999785","0.893199999999957","0.8166000000000003","0.9247999999999297","0.7427999999999514","0.9319999999999252","0.8537999999999826","0.8613999999999805"
"75000","0.9703999999999127","0.5715999999999568","0.2683999999999955","0.9061999999999608","0.398999999999984","0.2595999999999953","0.9049999999999591","0.40619999999998296","0.8696000000000004","0.10800000000000004","0.8711999999999974","0.4045999999999755","0.9499999999999166","0.4509999999999706","0.8913999999999757","0.28619999999999246","0.9087999999999556","0.8913999999999729","0.2841999999999934","0.9073999999999546","0.8695999999999992","0.5245999999999639","0.9609999999999163","0.5679999999999585","0.8791999999999841","0.2901999999999949","0.9007999999999602","0.8827999999999825","0.2975999999999943","0.9023999999999578","0.8696000000000002","0.9283999999999283","0.362799999999983","0.9339999999999247","0.8777999999999834","0.881599999999982"
"80000","0.9407999999999158","0.564999999999958","0.26919999999999544","0.8195999999999696","0.39279999999998444","0.28999999999999493","0.8045999999999659","0.4083999999999825","0.7101999999999998","0.1060000000000001","0.7241999999999982","0.40919999999997536","0.8999999999999232","0.4463999999999716","0.7837999999999801","0.29459999999999303","0.8319999999999661","0.7683999999999781","0.2905999999999938","0.820399999999958","0.7095999999999993","0.5189999999999653","0.9221999999999202","0.5543999999999603","0.7693999999999875","0.28379999999999495","0.8215999999999677","0.7583999999999871","0.297999999999995","0.8161999999999622","0.7060000000000001","0.8641999999999366","0.35859999999998377","0.8757999999999326","0.7695999999999886","0.7563999999999875"
"85000","0.9885999999999106","0.5739999999999584","0.968799999999968","0.970199999999959","0.4353999999999827","0.9681999999999698","0.9695999999999603","0.43519999999998293","0.9621999999999996","0.9623999999999985","0.9625999999999958","0.9821999999999231","0.9847999999999151","0.4485999999999726","0.9677999999999719","0.9717999999999649","0.973399999999955","0.9671999999999729","0.971199999999965","0.9767999999999536","0.9623999999999994","0.9823999999999211","0.9849999999999135","0.5767999999999592","0.9621999999999833","0.9667999999999682","0.9695999999999556","0.9639999999999829","0.9693999999999694","0.9737999999999564","0.9621999999999997","0.9783999999999257","0.9777999999999344","0.9799999999999235","0.9657999999999834","0.9673999999999829"
"90000","0.9443999999999155","0.5689999999999579","0.334399999999993","0.8361999999999642","0.4277999999999812","0.2839999999999946","0.8435999999999682","0.3915999999999842","0.7667999999999991","0.12220000000000018","0.7771999999999973","0.4223999999999738","0.9157999999999216","0.46119999999996986","0.8113999999999758","0.3251999999999912","0.841199999999959","0.8191999999999766","0.3029999999999924","0.8611999999999642","0.772599999999999","0.538799999999962","0.9291999999999194","0.5679999999999592","0.8041999999999869","0.33339999999999403","0.8425999999999609","0.7975999999999855","0.29919999999999414","0.8461999999999662","0.7668","0.8843999999999334","0.39239999999998054","0.8935999999999304","0.8017999999999851","0.795999999999988"
"95000","0.9569999999999146","0.5577999999999587","0.2605999999999951","0.8515999999999637","0.38539999999998453","0.24959999999999619","0.8589999999999632","0.381799999999985","0.7957999999999995","0.0978000000000001","0.8009999999999967","0.3991999999999753","0.9249999999999198","0.4413999999999709","0.8285999999999738","0.2761999999999943","0.8627999999999578","0.836199999999976","0.2705999999999937","0.8649999999999581","0.7969999999999989","0.5119999999999647","0.9431999999999183","0.5501999999999603","0.8173999999999847","0.2805999999999956","0.8581999999999608","0.8233999999999853","0.27399999999999547","0.8587999999999615","0.7958000000000002","0.8963999999999324","0.354599999999984","0.9063999999999292","0.818399999999984","0.8195999999999845"
"100000","0.9821999999999114","0.5527999999999593","0.4671999999999836","0.9425999999999598","0.40159999999998364","0.5291999999999887","0.9317999999999615","0.3837999999999851","0.9145999999999995","0.3868","0.9157999999999963","0.5979999999999553","0.9675999999999164","0.4509999999999718","0.9333999999999713","0.4857999999999803","0.9461999999999535","0.9207999999999732","0.5287999999999852","0.9329999999999575","0.9145999999999985","0.672799999999948","0.9731999999999154","0.5549999999999609","0.926799999999981","0.48179999999998446","0.9427999999999557","0.9167999999999832","0.5253999999999883","0.9311999999999598","0.9145999999999999","0.9527999999999285","0.5623999999999656","0.9589999999999255","0.9275999999999819","0.9177999999999831"
"105000","0.9461999999999156","0.5733999999999576","0.7385999999999798","0.8471999999999701","0.4073999999999836","0.6611999999999766","0.8209999999999662","0.4085999999999832","0.6956000000000001","0.6327999999999994","0.7195999999999974","0.7835999999999392","0.9121999999999232","0.4609999999999709","0.8163999999999773","0.7569999999999756","0.8647999999999636","0.800199999999978","0.681599999999971","0.8375999999999584","0.7021999999999993","0.8195999999999343","0.9259999999999203","0.5673999999999602","0.7857999999999882","0.7373999999999793","0.8525999999999663","0.7791999999999857","0.6715999999999757","0.8271999999999632","0.6856000000000002","0.8727999999999362","0.7583999999999507","0.888199999999933","0.789599999999988","0.7817999999999862"
"110000","0.9983999999999098","0.5629999999999582","0.26259999999999617","0.9941999999999593","0.3933999999999839","0.2627999999999953","0.9943999999999563","0.40479999999998406","0.9931999999999999","0.10660000000000011","0.9931999999999974","0.3949999999999762","0.9967999999999135","0.44599999999997103","0.993399999999971","0.2791999999999941","0.9943999999999553","0.9935999999999695","0.28059999999999313","0.994599999999951","0.9931999999999994","0.5211999999999657","0.9983999999999124","0.5643999999999599","0.9931999999999828","0.285999999999995","0.9943999999999557","0.9931999999999808","0.2983999999999943","0.9945999999999532","0.9932000000000001","0.9959999999999232","0.35619999999998375","0.9961999999999215","0.9933999999999842","0.9937999999999806"
"115000","0.9427999999999159","0.5623999999999585","0.2569999999999962","0.8107999999999698","0.38739999999998487","0.27599999999999536","0.8185999999999641","0.4003999999999834","0.7061999999999999","0.09860000000000001","0.7279999999999978","0.4015999999999759","0.9029999999999232","0.43839999999997176","0.7753999999999793","0.28159999999999397","0.8267999999999637","0.7825999999999753","0.2795999999999935","0.828799999999959","0.7119999999999995","0.5179999999999654","0.9241999999999206","0.550799999999961","0.7577999999999866","0.2835999999999954","0.8159999999999678","0.7691999999999874","0.2907999999999941","0.8277999999999635","0.7027999999999999","0.8637999999999374","0.3495999999999842","0.8751999999999338","0.7607999999999859","0.7667999999999869"
"120000","0.9783999999999113","0.5715999999999585","0.9311999999999688","0.9365999999999601","0.42179999999998286","0.9397999999999702","0.948999999999961","0.41819999999998386","0.9223999999999996","0.9227999999999997","0.923799999999997","0.9541999999999247","0.9661999999999169","0.4447999999999729","0.9349999999999739","0.9357999999999644","0.9435999999999536","0.9401999999999718","0.9425999999999677","0.9545999999999563","0.9227999999999993","0.9593999999999234","0.9723999999999143","0.5741999999999597","0.9245999999999829","0.9307999999999701","0.9405999999999556","0.9313999999999842","0.9387999999999712","0.9505999999999569","0.9223999999999999","0.9563999999999273","0.9509999999999369","0.9609999999999257","0.9343999999999812","0.9343999999999829"
"125000","0.9503999999999146","0.5693999999999578","0.35539999999999267","0.8475999999999629","0.4217999999999835","0.3021999999999929","0.8565999999999686","0.3981999999999842","0.7781999999999994","0.1469999999999999","0.7897999999999972","0.442199999999971","0.9241999999999205","0.46279999999996946","0.824599999999976","0.34919999999999046","0.850599999999957","0.8333999999999785","0.32119999999999027","0.8729999999999614","0.7861999999999988","0.5589999999999595","0.9365999999999192","0.5719999999999592","0.8171999999999862","0.35899999999999227","0.851999999999961","0.8115999999999851","0.320199999999993","0.8597999999999663","0.7777999999999995","0.8949999999999323","0.4117999999999792","0.9039999999999304","0.8143999999999851","0.8097999999999858"
"130000","0.967199999999913","0.5589999999999582","0.2713999999999953","0.8789999999999619","0.394599999999984","0.24999999999999642","0.885599999999963","0.38079999999998443","0.8356000000000003","0.10420000000000007","0.8393999999999971","0.39939999999997566","0.9397999999999187","0.4415999999999716","0.861599999999975","0.28079999999999367","0.8883999999999564","0.8685999999999741","0.2727999999999938","0.8895999999999592","0.836399999999999","0.5147999999999651","0.9561999999999169","0.5537999999999608","0.8509999999999813","0.2929999999999951","0.8827999999999595","0.8559999999999832","0.27479999999999544","0.8835999999999601","0.8355999999999999","0.9157999999999298","0.3571999999999837","0.9243999999999268","0.8535999999999828","0.8539999999999843"
"135000","0.9725999999999132","0.5537999999999592","0.49719999999998354","0.9135999999999597","0.40059999999998336","0.5655999999999872","0.8981999999999647","0.38319999999998483","0.8691999999999995","0.4284000000000003","0.8711999999999972","0.6263999999999532","0.9515999999999182","0.44979999999997206","0.9031999999999709","0.5159999999999786","0.9219999999999542","0.8819999999999737","0.5653999999999842","0.9047999999999593","0.869199999999999","0.6971999999999462","0.9595999999999166","0.559799999999961","0.8895999999999826","0.5121999999999833","0.914399999999959","0.876599999999982","0.5615999999999856","0.9019999999999612","0.8692","0.9311999999999298","0.5907999999999637","0.9397999999999256","0.8925999999999824","0.877799999999985"
"140000","0.9441999999999158","0.5751999999999576","0.7095999999999817","0.8439999999999682","0.4043999999999839","0.6239999999999781","0.8255999999999675","0.4069999999999833","0.7005999999999993","0.5891999999999994","0.7209999999999986","0.7561999999999415","0.9097999999999222","0.46059999999997114","0.8111999999999784","0.7245999999999758","0.8573999999999621","0.8035999999999769","0.6463999999999727","0.8367999999999596","0.7077999999999994","0.7995999999999363","0.9257999999999204","0.5693999999999595","0.7855999999999884","0.7069999999999803","0.8493999999999688","0.7817999999999862","0.6377999999999773","0.825799999999963","0.6958","0.8717999999999374","0.7295999999999522","0.8851999999999334","0.7845999999999873","0.7825999999999866"
"145000","0.9941999999999107","0.5587999999999586","0.2571999999999958","0.9831999999999599","0.3939999999999847","0.25199999999999645","0.9833999999999565","0.3937999999999833","0.9789999999999996","0.10560000000000004","0.9789999999999965","0.3909999999999766","0.9907999999999136","0.44239999999997065","0.9813999999999725","0.2761999999999937","0.984399999999955","0.9809999999999679","0.2755999999999935","0.9831999999999508","0.9789999999999994","0.5199999999999652","0.9933999999999137","0.5631999999999595","0.9799999999999829","0.28559999999999547","0.9833999999999562","0.9793999999999804","0.29219999999999485","0.9819999999999527","0.979","0.9881999999999239","0.3569999999999838","0.9891999999999211","0.9801999999999831","0.9801999999999808"
"150000","0.9431999999999153","0.5643999999999579","0.2571999999999958","0.8207999999999667","0.3851999999999859","0.2639999999999957","0.8311999999999634","0.389399999999984","0.7445999999999995","0.10380000000000003","0.7561999999999978","0.4003999999999759","0.9055999999999224","0.43599999999997197","0.7883999999999785","0.277399999999994","0.8321999999999607","0.7991999999999764","0.27259999999999407","0.839399999999959","0.7467999999999991","0.5205999999999651","0.9253999999999197","0.5523999999999609","0.7751999999999873","0.28439999999999493","0.8259999999999655","0.7885999999999862","0.28119999999999523","0.8385999999999626","0.7432000000000002","0.871599999999935","0.3539999999999841","0.8821999999999313","0.7739999999999871","0.7851999999999868"
"155000","0.9535999999999144","0.5711999999999586","0.8229999999999728","0.8427999999999644","0.4149999999999831","0.8507999999999761","0.886399999999967","0.4075999999999834","0.8047999999999998","0.8055999999999987","0.8103999999999972","0.8803999999999307","0.9205999999999208","0.4469999999999721","0.8343999999999725","0.8323999999999636","0.8629999999999572","0.8633999999999765","0.8605999999999708","0.9009999999999604","0.8063999999999992","0.8979999999999274","0.9391999999999184","0.5773999999999585","0.8189999999999862","0.8255999999999719","0.8621999999999606","0.8435999999999838","0.8535999999999752","0.8881999999999636","0.8047999999999997","0.8951999999999338","0.8723999999999413","0.9073999999999286","0.837799999999984","0.850599999999986"
"160000","0.9773999999999121","0.5707999999999576","0.4267999999999901","0.9301999999999603","0.4211999999999823","0.3647999999999886","0.9395999999999615","0.4001999999999838","0.9189999999999995","0.2301999999999999","0.9191999999999966","0.5053999999999649","0.9653999999999168","0.467599999999969","0.9253999999999728","0.422799999999989","0.9341999999999561","0.9307999999999728","0.3813999999999857","0.9449999999999583","0.9189999999999988","0.6025999999999561","0.9705999999999153","0.5705999999999596","0.9227999999999839","0.4211999999999902","0.9341999999999595","0.9231999999999819","0.379999999999989","0.938399999999959","0.9189999999999998","0.950199999999928","0.47119999999997336","0.9553999999999256","0.9231999999999829","0.9233999999999835"
"165000","0.9435999999999152","0.5577999999999581","0.2611999999999955","0.8009999999999663","0.39339999999998443","0.2529999999999961","0.7981999999999662","0.3859999999999842","0.6610000000000004","0.09780000000000004","0.6973999999999979","0.39459999999997636","0.9001999999999224","0.43579999999997243","0.7597999999999803","0.2741999999999946","0.8129999999999615","0.758599999999977","0.26819999999999367","0.8125999999999614","0.6772000000000002","0.5101999999999662","0.9263999999999201","0.5547999999999605","0.744599999999988","0.2851999999999958","0.8139999999999645","0.7447999999999874","0.2821999999999955","0.8127999999999648","0.6609999999999998","0.8605999999999364","0.35079999999998435","0.8723999999999333","0.745999999999987","0.7439999999999871"
"170000","0.9803999999999125","0.5643999999999586","0.35679999999998874","0.940199999999962","0.39819999999998384","0.4005999999999913","0.9373999999999616","0.3991999999999838","0.9210000000000003","0.22820000000000001","0.9219999999999977","0.4957999999999661","0.9663999999999164","0.4513999999999716","0.932199999999972","0.37699999999998535","0.9441999999999564","0.9307999999999725","0.39079999999998977","0.9387999999999553","0.9213999999999989","0.5893999999999565","0.973999999999916","0.5565999999999608","0.9269999999999821","0.3705999999999894","0.9393999999999576","0.9243999999999835","0.3913999999999914","0.9347999999999583","0.9209999999999997","0.9519999999999289","0.4461999999999745","0.955599999999926","0.9263999999999826","0.9233999999999845"
"175000","0.9627999999999142","0.5757999999999581","0.8799999999999752","0.9173999999999666","0.4239999999999837","0.8305999999999718","0.8581999999999638","0.42679999999998325","0.8248","0.8235999999999982","0.8323999999999959","0.903999999999929","0.9441999999999189","0.45459999999997147","0.9001999999999757","0.8921999999999704","0.9291999999999583","0.8519999999999721","0.8419999999999664","0.8793999999999582","0.8275999999999994","0.9127999999999262","0.9533999999999175","0.5791999999999584","0.8689999999999849","0.8755999999999756","0.9093999999999623","0.8453999999999844","0.836399999999971","0.8727999999999606","0.8229999999999994","0.9169999999999314","0.8855999999999405","0.9253999999999285","0.8707999999999851","0.8509999999999838"
"180000","0.9843999999999105","0.5719999999999568","0.2701999999999949","0.9435999999999577","0.40519999999998313","0.2525999999999963","0.9443999999999605","0.3865999999999853","0.9264000000000003","0.11800000000000015","0.9269999999999969","0.4085999999999754","0.9751999999999134","0.4569999999999704","0.9379999999999717","0.2921999999999933","0.9477999999999526","0.9361999999999749","0.2779999999999934","0.9473999999999551","0.9265999999999999","0.5327999999999633","0.9791999999999126","0.5757999999999586","0.9323999999999814","0.29999999999999405","0.9469999999999558","0.9311999999999835","0.2859999999999947","0.9425999999999579","0.9264000000000007","0.9593999999999236","0.36879999999998203","0.962999999999922","0.9331999999999816","0.9331999999999835"
"185000","0.9619999999999133","0.5791999999999572","0.43759999999998456","0.8591999999999597","0.41519999999998347","0.5065999999999882","0.8575999999999637","0.4127999999999832","0.7633999999999999","0.34460000000000046","0.7855999999999962","0.5871999999999573","0.9385999999999183","0.479399999999969","0.8255999999999731","0.45519999999998284","0.8697999999999559","0.8319999999999738","0.502799999999986","0.8711999999999546","0.7704","0.6605999999999497","0.9505999999999158","0.5751999999999596","0.8185999999999833","0.4551999999999854","0.8721999999999573","0.8145999999999818","0.4947999999999885","0.8683999999999585","0.7555999999999997","0.9049999999999295","0.536999999999967","0.9129999999999273","0.8199999999999813","0.8145999999999824"
"190000","0.9631999999999135","0.5903999999999566","0.7811999999999786","0.89419999999996","0.4275999999999836","0.7073999999999762","0.865799999999961","0.42739999999998357","0.7763999999999991","0.6877999999999984","0.7959999999999939","0.815799999999936","0.9383999999999182","0.46419999999997125","0.8647999999999746","0.7897999999999752","0.8983999999999557","0.8479999999999707","0.7223999999999698","0.8729999999999526","0.7823999999999995","0.8411999999999336","0.9497999999999166","0.5877999999999578","0.8373999999999822","0.7751999999999786","0.8911999999999584","0.8331999999999818","0.7125999999999751","0.868399999999957","0.7515999999999997","0.9103999999999306","0.7915999999999489","0.9189999999999271","0.8341999999999821","0.8303999999999829"
"195000","0.9861999999999113","0.5699999999999578","0.2659999999999953","0.9539999999999618","0.394799999999984","0.2627999999999952","0.9533999999999574","0.4037999999999837","0.9373999999999992","0.11220000000000013","0.937799999999997","0.40619999999997514","0.975199999999914","0.4553999999999704","0.9467999999999709","0.2839999999999935","0.9545999999999537","0.9459999999999706","0.2869999999999929","0.9545999999999514","0.9373999999999993","0.5247999999999649","0.9809999999999147","0.5687999999999589","0.9411999999999835","0.29179999999999495","0.9511999999999582","0.9417999999999822","0.2939999999999951","0.952599999999955","0.9374000000000001","0.9659999999999236","0.3671999999999828","0.9683999999999223","0.940199999999981","0.9431999999999824"
"200000","0.9353999999999164","0.5649999999999586","0.2623999999999954","0.7999999999999698","0.3859999999999848","0.27799999999999503","0.7983999999999671","0.39699999999998287","0.6709999999999998","0.10460000000000011","0.7041999999999978","0.40759999999997576","0.8931999999999236","0.44379999999997105","0.7597999999999797","0.2839999999999942","0.8155999999999637","0.7569999999999771","0.27779999999999416","0.8101999999999587","0.6789999999999995","0.5171999999999648","0.9161999999999209","0.5507999999999612","0.7449999999999876","0.2785999999999956","0.8077999999999674","0.7467999999999863","0.2867999999999949","0.8087999999999633","0.6631999999999999","0.8537999999999369","0.352999999999984","0.8657999999999331","0.7457999999999885","0.7393999999999874"
"205000","0.9717999999999124","0.5697999999999579","0.9009999999999708","0.9069999999999616","0.4185999999999838","0.9151999999999714","0.9259999999999633","0.4157999999999836","0.8897999999999995","0.890199999999999","0.8907999999999962","0.9383999999999252","0.9533999999999179","0.4453999999999725","0.9043999999999731","0.9073999999999637","0.9165999999999557","0.9139999999999726","0.9223999999999677","0.9391999999999578","0.8899999999999995","0.9457999999999236","0.9631999999999155","0.5737999999999591","0.8925999999999836","0.9017999999999686","0.9155999999999578","0.9035999999999837","0.9171999999999725","0.9329999999999605","0.8897999999999999","0.9391999999999305","0.9325999999999357","0.9467999999999249","0.906999999999983","0.9111999999999859"
"210000","0.957399999999914","0.568399999999958","0.3783999999999911","0.875199999999962","0.4259999999999829","0.3161999999999913","0.8839999999999659","0.3935999999999835","0.8397999999999997","0.16960000000000003","0.8415999999999975","0.4605999999999691","0.9359999999999189","0.46179999999996946","0.8595999999999734","0.37399999999998934","0.8823999999999568","0.8679999999999739","0.336999999999989","0.8953999999999598","0.8403999999999989","0.5679999999999591","0.9453999999999175","0.5683999999999595","0.854399999999984","0.37179999999999164","0.8789999999999606","0.8521999999999847","0.3361999999999913","0.8837999999999624","0.8397999999999997","0.9127999999999321","0.42879999999997676","0.9197999999999287","0.8567999999999839","0.8531999999999844"
"215000","0.9461999999999154","0.5567999999999581","0.25839999999999547","0.8177999999999644","0.3869999999999843","0.24879999999999544","0.820799999999966","0.38499999999998485","0.7221999999999995","0.09440000000000015","0.7373999999999977","0.3965999999999758","0.9077999999999219","0.43919999999997167","0.781999999999978","0.2705999999999942","0.8289999999999614","0.7871999999999769","0.2695999999999934","0.8295999999999608","0.7271999999999992","0.510399999999965","0.9293999999999197","0.5523999999999604","0.7677999999999869","0.2817999999999962","0.8273999999999644","0.7749999999999856","0.28319999999999496","0.8269999999999652","0.7223999999999999","0.8735999999999343","0.3537999999999837","0.8839999999999306","0.7749999999999855","0.771199999999987"
"220000","0.9975999999999101","0.5519999999999599","0.41539999999998617","0.9931999999999586","0.39619999999998473","0.47379999999998995","0.9911999999999604","0.3877999999999844","0.9896000000000003","0.317","0.9897999999999962","0.5523999999999607","0.995799999999914","0.4477999999999719","0.9917999999999687","0.43479999999998153","0.993999999999951","0.989799999999972","0.46879999999998756","0.9913999999999537","0.9895999999999994","0.6337999999999514","0.9959999999999135","0.5531999999999615","0.9909999999999776","0.4327999999999862","0.9925999999999561","0.9895999999999833","0.47139999999998927","0.9909999999999598","0.9895999999999999","0.9933999999999256","0.5099999999999691","0.9945999999999214","0.9905999999999798","0.989599999999983"
"225000","0.9459999999999154","0.5723999999999577","0.7941999999999769","0.859799999999968","0.40599999999998343","0.7257999999999751","0.8067999999999672","0.41099999999998343","0.7149999999999999","0.7065999999999997","0.7383999999999988","0.8307999999999356","0.9123999999999216","0.45419999999997185","0.8313999999999792","0.8095999999999746","0.8763999999999634","0.7921999999999771","0.7443999999999673","0.8305999999999595","0.7269999999999998","0.8591999999999315","0.9267999999999207","0.5655999999999596","0.7975999999999885","0.7931999999999773","0.8605999999999656","0.777599999999988","0.7377999999999747","0.823199999999964","0.7102000000000002","0.8751999999999368","0.8091999999999471","0.8893999999999329","0.7991999999999866","0.7845999999999864"
"230000","0.9807999999999116","0.569199999999958","0.2659999999999953","0.9353999999999613","0.4013999999999828","0.26239999999999514","0.9353999999999607","0.40219999999998357","0.9153999999999997","0.11100000000000013","0.9157999999999962","0.3983999999999754","0.9673999999999155","0.4499999999999705","0.9273999999999732","0.2791999999999934","0.9387999999999538","0.9267999999999728","0.2743999999999936","0.9389999999999518","0.915399999999999","0.5281999999999638","0.974799999999914","0.5717999999999586","0.9217999999999814","0.2905999999999951","0.9375999999999568","0.9223999999999812","0.29939999999999534","0.9365999999999561","0.9154000000000002","0.9529999999999256","0.3631999999999827","0.9559999999999241","0.9223999999999829","0.9233999999999821"
"235000","0.9487999999999143","0.5619999999999583","0.25399999999999584","0.8447999999999672","0.38499999999998447","0.264199999999996","0.8501999999999639","0.39119999999998395","0.7809999999999997","0.10420000000000014","0.7887999999999971","0.39359999999997597","0.9149999999999208","0.4317999999999725","0.8189999999999771","0.2803999999999939","0.8551999999999603","0.823599999999973","0.2687999999999944","0.8599999999999579","0.783999999999999","0.5179999999999647","0.9321999999999188","0.5513999999999616","0.805199999999983","0.283999999999995","0.848199999999962","0.8133999999999839","0.28499999999999504","0.8565999999999593","0.7805999999999997","0.8819999999999344","0.3471999999999843","0.8925999999999298","0.8047999999999857","0.8131999999999847"
"240000","0.9599999999999139","0.5695999999999581","0.8563999999999707","0.8723999999999625","0.4179999999999837","0.8783999999999726","0.9045999999999641","0.410799999999983","0.8408","0.8411999999999991","0.8449999999999974","0.8997999999999293","0.933999999999919","0.44139999999997315","0.8673999999999744","0.8629999999999651","0.8881999999999568","0.8863999999999747","0.8849999999999696","0.9161999999999565","0.8421999999999994","0.9141999999999267","0.9471999999999174","0.5709999999999597","0.8509999999999835","0.8555999999999694","0.8839999999999578","0.8685999999999845","0.8785999999999727","0.9043999999999605","0.8408000000000004","0.913199999999931","0.8937999999999421","0.9229999999999268","0.864799999999985","0.8743999999999831"
"245000","0.963399999999913","0.5679999999999581","0.39919999999999184","0.8853999999999626","0.42239999999998257","0.3409999999999902","0.9023999999999638","0.3959999999999839","0.8607999999999996","0.20379999999999998","0.8623999999999966","0.4819999999999666","0.945399999999918","0.46599999999996955","0.8747999999999725","0.3943999999999883","0.893599999999956","0.8883999999999758","0.3581999999999875","0.9127999999999581","0.8617999999999988","0.5861999999999573","0.9521999999999168","0.5707999999999595","0.8689999999999839","0.40039999999999076","0.8913999999999597","0.872799999999983","0.3613999999999897","0.9013999999999612","0.8608000000000001","0.923599999999929","0.452199999999975","0.9299999999999266","0.8727999999999838","0.8727999999999835"
"250000","0.9531999999999147","0.5573999999999582","0.2641999999999945","0.832799999999965","0.3885999999999844","0.24879999999999658","0.8363999999999652","0.38619999999998444","0.7513999999999996","0.10180000000000017","0.762399999999997","0.39379999999997617","0.9175999999999208","0.436199999999972","0.8003999999999766","0.2761999999999938","0.8449999999999588","0.8089999999999765","0.26939999999999437","0.8453999999999603","0.756","0.5095999999999655","0.9363999999999186","0.5517999999999609","0.7881999999999844","0.2905999999999954","0.8419999999999628","0.7927999999999842","0.28379999999999594","0.8431999999999636","0.7519999999999998","0.8827999999999346","0.3517999999999835","0.8939999999999297","0.7927999999999857","0.7911999999999854"
"255000","0.9889999999999115","0.5495999999999605","0.4353999999999854","0.967999999999959","0.39499999999998403","0.49659999999998866","0.9657999999999618","0.3877999999999851","0.9567999999999995","0.3419999999999999","0.9575999999999966","0.5673999999999594","0.9815999999999159","0.447199999999972","0.9633999999999701","0.45379999999998033","0.9717999999999526","0.9601999999999739","0.48899999999998717","0.9645999999999568","0.956799999999999","0.6509999999999503","0.983399999999915","0.5519999999999622","0.9605999999999797","0.4509999999999854","0.968799999999957","0.9573999999999825","0.49219999999999026","0.9635999999999579","0.9568000000000004","0.9725999999999263","0.5269999999999683","0.9757999999999227","0.9615999999999798","0.9571999999999848"
"260000","0.9401999999999161","0.5795999999999567","0.7751999999999791","0.8503999999999687","0.4099999999999832","0.6975999999999761","0.7969999999999666","0.41559999999998287","0.6953999999999996","0.6787999999999987","0.7235999999999979","0.8115999999999371","0.9041999999999227","0.4641999999999706","0.8149999999999799","0.7863999999999745","0.8621999999999619","0.7783999999999761","0.71839999999997","0.8195999999999605","0.7075999999999995","0.8443999999999329","0.92139999999992","0.5707999999999585","0.7807999999999867","0.7683999999999788","0.8479999999999658","0.760199999999987","0.7117999999999743","0.8091999999999655","0.6854000000000002","0.8639999999999356","0.7863999999999473","0.879199999999933","0.7809999999999874","0.7667999999999872"
"265000","0.9683999999999124","0.5699999999999578","0.26639999999999603","0.9021999999999627","0.4011999999999836","0.2577999999999963","0.9073999999999627","0.3971999999999838","0.8746","0.1100000000000001","0.8759999999999962","0.4009999999999754","0.950199999999917","0.4517999999999701","0.8923999999999742","0.27919999999999334","0.9091999999999557","0.8947999999999741","0.28019999999999373","0.9111999999999536","0.8749999999999991","0.528599999999964","0.958999999999916","0.5689999999999592","0.8843999999999828","0.28819999999999474","0.9051999999999596","0.885799999999983","0.29539999999999456","0.9075999999999581","0.8746","0.9285999999999284","0.36799999999998256","0.9335999999999258","0.8867999999999833","0.887199999999984"
"270000","0.9587999999999132","0.5725999999999571","0.25359999999999605","0.8805999999999627","0.39479999999998416","0.2615999999999959","0.8871999999999616","0.39399999999998325","0.8464000000000002","0.10280000000000009","0.848599999999997","0.40519999999997497","0.9315999999999185","0.44739999999997154","0.8625999999999738","0.28019999999999334","0.8875999999999574","0.868999999999975","0.26999999999999375","0.8907999999999564","0.8467999999999988","0.5275999999999645","0.9473999999999166","0.5665999999999589","0.8557999999999826","0.2917999999999948","0.8827999999999612","0.8637999999999845","0.28619999999999485","0.889599999999959","0.8464","0.9115999999999291","0.36299999999998334","0.9183999999999259","0.8571999999999846","0.8613999999999828"
"275000","0.9415999999999153","0.5743999999999576","0.7059999999999748","0.792399999999966","0.4223999999999834","0.7533999999999775","0.8375999999999688","0.4049999999999832","0.6856000000000001","0.6755999999999996","0.7173999999999993","0.8013999999999374","0.8987999999999225","0.4601999999999715","0.7735999999999756","0.7239999999999686","0.8169999999999592","0.7957999999999799","0.7605999999999746","0.8537999999999644","0.7057999999999994","0.8365999999999331","0.9199999999999217","0.5825999999999583","0.7549999999999875","0.7159999999999734","0.8143999999999627","0.7667999999999878","0.7547999999999776","0.8381999999999665","0.6882","0.8615999999999365","0.7821999999999479","0.8773999999999328","0.7769999999999865","0.7773999999999883"
"280000","0.9831999999999117","0.5715999999999575","0.527399999999987","0.9385999999999615","0.42579999999998297","0.44959999999998557","0.9461999999999586","0.4037999999999842","0.922","0.3427999999999996","0.9219999999999966","0.597799999999956","0.9699999999999157","0.47479999999996864","0.9309999999999751","0.5351999999999844","0.943999999999956","0.9395999999999727","0.4627999999999812","0.9487999999999546","0.9219999999999989","0.6743999999999474","0.9765999999999145","0.5707999999999595","0.9251999999999856","0.5181999999999868","0.9393999999999594","0.9301999999999826","0.4605999999999851","0.9437999999999601","0.9220000000000003","0.9567999999999273","0.5623999999999653","0.9607999999999249","0.9257999999999852","0.9311999999999837"
"285000","0.9601999999999132","0.564799999999958","0.252999999999996","0.8611999999999669","0.390799999999984","0.2589999999999955","0.8539999999999631","0.39839999999998343","0.7994","0.10080000000000008","0.8041999999999974","0.40099999999997493","0.9309999999999188","0.4449999999999708","0.8385999999999751","0.276599999999994","0.8697999999999594","0.8345999999999745","0.2785999999999934","0.8659999999999569","0.8013999999999994","0.5185999999999646","0.9491999999999163","0.5631999999999595","0.822799999999986","0.2827999999999956","0.8619999999999619","0.8235999999999861","0.28879999999999445","0.8605999999999602","0.7994","0.9001999999999309","0.3597999999999825","0.9083999999999282","0.8241999999999864","0.823599999999984"
"290000","0.9415999999999154","0.5691999999999582","0.2691999999999955","0.8323999999999687","0.3907999999999845","0.29699999999999444","0.8235999999999638","0.4133999999999825","0.7525999999999994","0.10840000000000008","0.7585999999999984","0.41119999999997564","0.9043999999999225","0.44799999999997164","0.8039999999999795","0.29239999999999305","0.8481999999999642","0.789599999999976","0.30079999999999385","0.8341999999999583","0.7543999999999996","0.5233999999999647","0.9243999999999198","0.5601999999999605","0.787799999999988","0.28619999999999485","0.8373999999999657","0.780799999999987","0.2979999999999947","0.8279999999999633","0.7525999999999996","0.8719999999999349","0.36599999999998284","0.8827999999999314","0.7917999999999868","0.7775999999999861"
"295000","0.9835999999999114","0.5961999999999562","0.9631999999999695","0.9643999999999604","0.4645999999999824","0.9613999999999708","0.9633999999999614","0.4619999999999821","0.9545999999999998","0.9547999999999983","0.9549999999999965","0.9765999999999223","0.9791999999999155","0.4753999999999704","0.9613999999999719","0.9651999999999639","0.967399999999952","0.959599999999973","0.9651999999999641","0.9697999999999547","0.9547999999999992","0.9771999999999212","0.9793999999999148","0.5997999999999573","0.9547999999999822","0.9601999999999691","0.9625999999999576","0.9567999999999838","0.9617999999999711","0.9653999999999583","0.9545999999999996","0.9737999999999253","0.9727999999999334","0.9753999999999237","0.9587999999999818","0.9599999999999832"
"300000","0.9491999999999146","0.5735999999999579","0.3247999999999939","0.8153999999999647","0.4265999999999823","0.28779999999999395","0.8349999999999691","0.39899999999998503","0.7101999999999996","0.1484000000000001","0.7337999999999979","0.44239999999997215","0.9157999999999212","0.4785999999999684","0.7867999999999751","0.34239999999999077","0.8305999999999585","0.796999999999978","0.3221999999999912","0.850799999999962","0.7193999999999993","0.5489999999999627","0.9361999999999183","0.5779999999999594","0.7753999999999857","0.3369999999999926","0.8317999999999619","0.7769999999999873","0.31019999999999404","0.8369999999999687","0.7051999999999999","0.8809999999999332","0.4023999999999805","0.8925999999999311","0.7761999999999859","0.7767999999999874"
"305000","0.9939999999999096","0.5729999999999575","0.25659999999999644","0.980599999999962","0.39039999999998537","0.27139999999999526","0.9803999999999571","0.39859999999998375","0.9754000000000006","0.10720000000000005","0.975599999999997","0.42059999999997466","0.9897999999999126","0.4609999999999699","0.9779999999999723","0.28999999999999315","0.9815999999999536","0.9791999999999705","0.29099999999999343","0.9813999999999521","0.9753999999999988","0.5319999999999636","0.9919999999999117","0.5681999999999591","0.976399999999981","0.29199999999999465","0.9809999999999565","0.9765999999999802","0.29759999999999487","0.981399999999956","0.9753999999999999","0.9861999999999206","0.37319999999998293","0.9883999999999202","0.9767999999999817","0.9763999999999814"
"310000","0.9545999999999143","0.5921999999999565","0.7845999999999735","0.8553999999999624","0.4369999999999825","0.8159999999999755","0.8881999999999641","0.4257999999999834","0.7763999999999993","0.7597999999999995","0.7965999999999964","0.852799999999933","0.9309999999999199","0.48219999999996976","0.8459999999999741","0.7941999999999677","0.8761999999999562","0.8623999999999747","0.8213999999999735","0.9007999999999581","0.7871999999999987","0.86919999999993","0.9435999999999177","0.5973999999999585","0.8259999999999846","0.7867999999999724","0.8685999999999601","0.8317999999999837","0.8087999999999768","0.8831999999999632","0.7692000000000007","0.90819999999993","0.8369999999999448","0.916199999999929","0.8433999999999815","0.8351999999999844"
"315000","0.9671999999999126","0.5843999999999568","0.45959999999999024","0.8939999999999617","0.4337999999999819","0.404799999999988","0.9019999999999633","0.41879999999998324","0.8659999999999995","0.28079999999999977","0.8667999999999968","0.5509999999999609","0.9465999999999171","0.4963999999999682","0.8825999999999742","0.4675999999999867","0.9011999999999564","0.8869999999999715","0.42779999999998436","0.9091999999999574","0.8665999999999989","0.6291999999999525","0.956599999999916","0.5829999999999579","0.876999999999985","0.44859999999998984","0.8975999999999593","0.8757999999999835","0.41639999999998795","0.9005999999999608","0.8659999999999998","0.9241999999999284","0.5113999999999708","0.9321999999999268","0.8791999999999813","0.8735999999999815"
"320000","0.9517999999999147","0.5641999999999581","0.258599999999996","0.8259999999999675","0.3925999999999841","0.24679999999999644","0.830599999999965","0.3927999999999845","0.7390000000000001","0.09740000000000004","0.7507999999999977","0.4009999999999756","0.9185999999999198","0.4457999999999711","0.7965999999999771","0.2799999999999934","0.8389999999999618","0.8017999999999768","0.2723999999999941","0.8423999999999593","0.7425999999999994","0.520999999999964","0.9379999999999179","0.5631999999999593","0.7813999999999857","0.2909999999999955","0.8385999999999618","0.7855999999999861","0.2901999999999952","0.8385999999999646","0.7389999999999999","0.8859999999999327","0.369599999999982","0.8951999999999304","0.7877999999999857","0.7857999999999872"
"325000","0.9933999999999117","0.5623999999999582","0.39679999999998666","0.9841999999999594","0.40119999999998407","0.4489999999999899","0.9835999999999591","0.40779999999998384","0.9805999999999997","0.2868000000000001","0.9807999999999959","0.5365999999999616","0.9899999999999147","0.4569999999999713","0.9825999999999706","0.41619999999998375","0.9847999999999536","0.9807999999999719","0.4457999999999871","0.9823999999999578","0.9805999999999987","0.623799999999953","0.9915999999999138","0.5641999999999607","0.9815999999999802","0.413999999999987","0.9847999999999592","0.9809999999999837","0.44839999999998964","0.9835999999999563","0.9806000000000002","0.9877999999999248","0.4915999999999718","0.9883999999999238","0.9817999999999814","0.9807999999999835"
"330000","0.9457999999999153","0.5845999999999564","0.8267999999999768","0.8699999999999691","0.42119999999998275","0.7651999999999747","0.8077999999999657","0.42099999999998367","0.7531999999999996","0.7533999999999992","0.7629999999999976","0.8567999999999328","0.9103999999999215","0.46519999999997047","0.8441999999999793","0.8399999999999714","0.8849999999999624","0.7913999999999772","0.7795999999999697","0.8329999999999612","0.7569999999999992","0.8755999999999289","0.9251999999999204","0.5775999999999581","0.8137999999999876","0.8249999999999765","0.8697999999999666","0.7859999999999873","0.7777999999999737","0.8253999999999649","0.7530000000000001","0.872799999999936","0.8361999999999451","0.8885999999999324","0.8149999999999868","0.7903999999999874"
"335000","0.9511999999999138","0.5745999999999566","0.2769999999999952","0.8445999999999639","0.40419999999998396","0.26679999999999493","0.8495999999999645","0.39959999999998363","0.7824","0.11840000000000007","0.7849999999999976","0.4067999999999753","0.92039999999992","0.4533999999999709","0.8235999999999759","0.2869999999999931","0.8563999999999585","0.8245999999999767","0.2833999999999938","0.8597999999999606","0.7825999999999995","0.5271999999999641","0.9349999999999175","0.563399999999959","0.8117999999999858","0.29379999999999495","0.8521999999999639","0.809599999999986","0.2917999999999948","0.8531999999999642","0.7822","0.8887999999999316","0.3665999999999835","0.8987999999999292","0.8147999999999848","0.8125999999999853"
"340000","0.9797999999999117","0.5719999999999568","0.2689999999999956","0.9473999999999589","0.40119999999998374","0.25479999999999564","0.9481999999999597","0.3849999999999844","0.9355999999999998","0.10480000000000013","0.9357999999999971","0.40419999999997525","0.9681999999999149","0.44359999999997113","0.9403999999999705","0.2853999999999937","0.9487999999999548","0.942999999999971","0.26319999999999405","0.9501999999999552","0.9355999999999992","0.5315999999999635","0.9753999999999139","0.56559999999996","0.937599999999981","0.3023999999999948","0.9471999999999566","0.9393999999999825","0.2869999999999952","0.9481999999999565","0.9356","0.9577999999999247","0.3595999999999831","0.9603999999999228","0.9377999999999838","0.9399999999999822"
"345000","0.9451999999999154","0.5717999999999579","0.6327999999999774","0.8053999999999665","0.42119999999998187","0.6919999999999817","0.8339999999999677","0.39959999999998463","0.6797999999999997","0.5891999999999996","0.7099999999999979","0.7423999999999428","0.9045999999999227","0.45899999999997115","0.7811999999999775","0.651799999999971","0.8291999999999586","0.7905999999999793","0.692799999999979","0.8453999999999646","0.6951999999999993","0.7905999999999365","0.9247999999999199","0.5799999999999579","0.7625999999999868","0.6429999999999767","0.8185999999999641","0.7655999999999874","0.6861999999999822","0.8325999999999675","0.6781999999999998","0.8637999999999365","0.7153999999999532","0.878799999999932","0.772799999999987","0.763199999999988"
"350000","0.9677999999999134","0.5657999999999581","0.5901999999999854","0.8913999999999643","0.41519999999998264","0.5029999999999832","0.8983999999999636","0.4019999999999842","0.8477999999999993","0.4304","0.8501999999999984","0.6499999999999506","0.9411999999999192","0.46979999999996985","0.8733999999999762","0.6009999999999825","0.9003999999999607","0.8853999999999725","0.5295999999999786","0.9021999999999559","0.8473999999999994","0.715399999999944","0.9547999999999172","0.5687999999999593","0.8633999999999852","0.5835999999999852","0.8929999999999625","0.8733999999999823","0.5237999999999835","0.8971999999999615","0.8474000000000002","0.9197999999999311","0.6207999999999613","0.9287999999999269","0.8631999999999842","0.8733999999999844"
"355000","0.9711999999999128","0.5621999999999575","0.26179999999999554","0.909599999999961","0.39159999999998457","0.2615999999999956","0.9075999999999603","0.3903999999999844","0.8756000000000003","0.10020000000000014","0.8763999999999977","0.403599999999975","0.9507999999999166","0.4461999999999705","0.8969999999999742","0.27999999999999375","0.9101999999999574","0.894999999999972","0.27819999999999395","0.9103999999999539","0.8755999999999994","0.5147999999999655","0.9631999999999152","0.5539999999999599","0.8859999999999827","0.2749999999999948","0.9061999999999604","0.8887999999999828","0.2895999999999947","0.9087999999999564","0.8755999999999997","0.930399999999928","0.35719999999998264","0.9351999999999249","0.8841999999999833","0.887799999999982"
"360000","0.934799999999916","0.5651999999999582","0.25759999999999633","0.8085999999999712","0.3877999999999852","0.2897999999999946","0.7947999999999664","0.40739999999998294","0.6851999999999997","0.1032000000000001","0.7053999999999979","0.4091999999999758","0.8961999999999228","0.4451999999999712","0.7683999999999792","0.28739999999999344","0.8179999999999641","0.756199999999976","0.2923999999999937","0.8087999999999582","0.6894","0.5207999999999643","0.9197999999999196","0.5551999999999603","0.7543999999999876","0.2907999999999954","0.8135999999999688","0.7411999999999866","0.2971999999999948","0.8039999999999644","0.6782000000000001","0.8587999999999356","0.35659999999998354","0.8689999999999326","0.7547999999999884","0.7405999999999878"
"365000","0.978199999999912","0.5807999999999578","0.9327999999999697","0.9389999999999608","0.44159999999998223","0.9339999999999723","0.9415999999999619","0.4295999999999833","0.9193999999999994","0.9201999999999996","0.9203999999999972","0.9577999999999232","0.967999999999916","0.4541999999999719","0.936199999999972","0.9367999999999644","0.9457999999999551","0.9329999999999726","0.9411999999999675","0.9541999999999563","0.919799999999999","0.960399999999923","0.9703999999999161","0.5831999999999581","0.9227999999999832","0.9311999999999684","0.9423999999999579","0.9253999999999829","0.935999999999972","0.9473999999999605","0.9193999999999997","0.9585999999999268","0.9543999999999359","0.9637999999999248","0.9375999999999834","0.9325999999999842"
"370000","0.9581999999999137","0.5747999999999573","0.36099999999999155","0.8697999999999619","0.4349999999999824","0.3125999999999928","0.879399999999966","0.3995999999999844","0.8287999999999996","0.16040000000000015","0.8317999999999977","0.4531999999999702","0.9325999999999197","0.4751999999999684","0.8511999999999735","0.36319999999998903","0.876599999999957","0.8589999999999783","0.3313999999999905","0.8919999999999608","0.8295999999999987","0.5609999999999605","0.9467999999999176","0.5749999999999587","0.8453999999999858","0.36679999999999247","0.8759999999999607","0.8455999999999856","0.3281999999999926","0.878599999999965","0.8288000000000001","0.9057999999999315","0.41719999999997875","0.9141999999999277","0.8485999999999839","0.8435999999999853"
"375000","0.9521999999999149","0.5667999999999578","0.2637999999999953","0.8243999999999675","0.39559999999998413","0.2563999999999959","0.8309999999999668","0.3895999999999843","0.7372000000000002","0.09160000000000013","0.7483999999999972","0.400999999999975","0.9197999999999202","0.4431999999999709","0.7939999999999777","0.27699999999999325","0.8381999999999608","0.8005999999999772","0.2711999999999933","0.8429999999999587","0.7401999999999995","0.5215999999999648","0.9373999999999182","0.5625999999999595","0.7793999999999873","0.294799999999995","0.8361999999999647","0.7861999999999865","0.29299999999999526","0.8379999999999639","0.7371999999999997","0.8853999999999329","0.3655999999999826","0.8949999999999301","0.7875999999999863","0.7837999999999867"
"380000","0.9993999999999107","0.5661999999999581","0.37279999999998803","0.9985999999999603","0.3967999999999841","0.4331999999999894","0.99779999999996","0.4105999999999828","0.9975999999999994","0.2598000000000001","0.997599999999997","0.5229999999999639","0.9985999999999143","0.4595999999999711","0.9981999999999709","0.3939999999999854","0.9981999999999538","0.997599999999973","0.42679999999998935","0.9975999999999526","0.9975999999999987","0.6089999999999551","0.9993999999999122","0.5655999999999598","0.9977999999999807","0.393799999999989","0.9983999999999577","0.997599999999983","0.4283999999999893","0.9977999999999563","0.9975999999999998","0.9983999999999242","0.47859999999997277","0.9983999999999236","0.9975999999999814","0.9975999999999848"
"385000","0.9489999999999151","0.5791999999999573","0.847399999999975","0.8765999999999695","0.4195999999999822","0.7955999999999733","0.8183999999999665","0.4171999999999836","0.7878000000000004","0.7881999999999985","0.7907999999999986","0.87139999999993","0.9133999999999223","0.46299999999997077","0.8509999999999779","0.8565999999999719","0.8905999999999633","0.8069999999999771","0.8049999999999677","0.8391999999999603","0.7879999999999997","0.888599999999928","0.9287999999999205","0.5791999999999584","0.8277999999999884","0.8441999999999746","0.8787999999999657","0.801999999999986","0.8031999999999715","0.8345999999999641","0.7878000000000001","0.881599999999936","0.8559999999999426","0.8959999999999321","0.832599999999987","0.8069999999999884"
"390000","0.9445999999999146","0.5725999999999569","0.27799999999999486","0.8227999999999654","0.40659999999998264","0.2633999999999959","0.8287999999999676","0.3949999999999846","0.7422000000000001","0.11300000000000002","0.7489999999999973","0.4043999999999754","0.9097999999999203","0.45479999999996973","0.7931999999999763","0.29399999999999304","0.8371999999999601","0.7945999999999782","0.27939999999999343","0.8419999999999603","0.7423999999999991","0.5231999999999641","0.9281999999999185","0.5645999999999594","0.7849999999999865","0.29539999999999417","0.8337999999999629","0.7805999999999867","0.2835999999999953","0.8349999999999644","0.7403999999999998","0.8735999999999339","0.36359999999998316","0.8867999999999298","0.7847999999999866","0.7807999999999871"
"395000","0.9915999999999109","0.5753999999999566","0.2695999999999951","0.9799999999999575","0.4001999999999839","0.25819999999999566","0.9799999999999589","0.3853999999999854","0.9756","0.1016000000000001","0.975599999999997","0.40259999999997576","0.9873999999999132","0.44019999999997195","0.9775999999999707","0.2813999999999936","0.9807999999999525","0.9785999999999694","0.2625999999999945","0.9809999999999537","0.9755999999999989","0.5327999999999641","0.9899999999999127","0.5671999999999596","0.9759999999999815","0.29559999999999514","0.9787999999999555","0.9767999999999838","0.2859999999999949","0.9801999999999548","0.9756","0.9841999999999228","0.35879999999998313","0.9849999999999214","0.9763999999999826","0.9779999999999822"
"400000","0.9431999999999153","0.5753999999999585","0.569799999999979","0.8159999999999656","0.42739999999998357","0.634999999999985","0.8199999999999693","0.4105999999999845","0.7123999999999994","0.5133999999999997","0.7345999999999987","0.6933999999999465","0.9025999999999226","0.4723999999999698","0.7931999999999771","0.591399999999975","0.83839999999996","0.784599999999979","0.632999999999981","0.8403999999999636","0.7243999999999995","0.7543999999999398","0.9225999999999202","0.5827999999999592","0.7757999999999868","0.5829999999999801","0.8273999999999646","0.766399999999988","0.6295999999999843","0.8291999999999669","0.7111999999999999","0.8639999999999356","0.6619999999999572","0.8775999999999333","0.7787999999999861","0.7657999999999879"
"405000","0.9649999999999136","0.5683999999999577","0.6539999999999835","0.881399999999967","0.42019999999998303","0.5687999999999807","0.885799999999961","0.41319999999998336","0.8167999999999996","0.5119999999999997","0.8243999999999966","0.7041999999999462","0.9429999999999181","0.47659999999996894","0.8543999999999757","0.6631999999999798","0.8907999999999592","0.8699999999999717","0.5897999999999755","0.8909999999999544","0.8181999999999997","0.7503999999999412","0.9533999999999168","0.5725999999999595","0.8417999999999847","0.6395999999999838","0.8829999999999645","0.8533999999999842","0.5781999999999804","0.882399999999962","0.8164000000000001","0.9167999999999296","0.6783999999999554","0.9243999999999267","0.8411999999999835","0.8525999999999845"
"410000","0.9733999999999119","0.5679999999999575","0.264799999999996","0.9183999999999642","0.3893999999999851","0.27819999999999473","0.9151999999999589","0.3973999999999838","0.8873999999999994","0.10580000000000003","0.8879999999999975","0.41499999999997467","0.9559999999999157","0.4549999999999704","0.9063999999999728","0.2807999999999935","0.9217999999999568","0.9029999999999706","0.2849999999999932","0.9155999999999531","0.8873999999999986","0.525799999999964","0.9685999999999143","0.5625999999999592","0.8979999999999828","0.27819999999999523","0.9149999999999587","0.8977999999999812","0.28999999999999526","0.9165999999999579","0.8874000000000001","0.9385999999999259","0.36939999999998197","0.9427999999999243","0.8957999999999837","0.8977999999999831"
"415000","0.9749999999999126","0.595799999999956","0.5771999999999804","0.9115999999999597","0.44139999999998275","0.6233999999999836","0.9167999999999616","0.4253999999999836","0.8844000000000001","0.5193999999999999","0.8867999999999975","0.6973999999999477","0.960399999999916","0.506199999999968","0.9003999999999709","0.5945999999999759","0.9181999999999537","0.9031999999999718","0.61979999999998","0.9223999999999557","0.8847999999999993","0.7455999999999419","0.967199999999915","0.5927999999999581","0.8931999999999823","0.5839999999999808","0.9165999999999592","0.8951999999999825","0.6049999999999848","0.9181999999999589","0.8844000000000001","0.936999999999928","0.6551999999999578","0.9417999999999243","0.8945999999999823","0.8925999999999839"
"420000","0.9969999999999095","0.5967999999999567","0.6435999999999824","0.983599999999957","0.44359999999998245","0.5761999999999816","0.9861999999999569","0.43159999999998333","0.9799999999999994","0.5155999999999995","0.9801999999999951","0.6953999999999482","0.9943999999999131","0.5089999999999673","0.9821999999999685","0.6501999999999791","0.9865999999999513","0.9849999999999687","0.5877999999999775","0.9871999999999507","0.9799999999999994","0.7499999999999416","0.9939999999999121","0.5975999999999569","0.9805999999999799","0.6327999999999825","0.9845999999999533","0.9831999999999809","0.5779999999999827","0.9869999999999538","0.9799999999999999","0.9881999999999213","0.6693999999999581","0.9899999999999197","0.9803999999999796","0.9841999999999781"
"425000","0.9617999999999131","0.5725999999999581","0.26579999999999543","0.8409999999999662","0.39339999999998415","0.25379999999999614","0.8431999999999616","0.39639999999998476","0.7331999999999994","0.1008000000000001","0.7523999999999954","0.41839999999997485","0.9305999999999184","0.4575999999999706","0.8065999999999757","0.28679999999999334","0.8553999999999575","0.8105999999999727","0.2817999999999936","0.8597999999999549","0.7377999999999989","0.532999999999964","0.9481999999999163","0.5687999999999598","0.7959999999999848","0.2941999999999948","0.8517999999999595","0.7933999999999847","0.29259999999999486","0.8561999999999604","0.7321999999999995","0.8985999999999301","0.3793999999999821","0.9081999999999278","0.8007999999999846","0.7975999999999844"
"430000","0.9789999999999119","0.5885999999999573","0.6565999999999781","0.9213999999999605","0.42879999999998264","0.7221999999999809","0.9205999999999622","0.42459999999998355","0.8762000000000003","0.6251999999999991","0.8819999999999971","0.7671999999999406","0.965999999999915","0.47439999999996996","0.9105999999999719","0.6767999999999714","0.9311999999999547","0.9017999999999717","0.7255999999999787","0.9307999999999557","0.8777999999999992","0.7983999999999356","0.9695999999999151","0.5885999999999582","0.8985999999999839","0.6629999999999764","0.9249999999999566","0.8895999999999841","0.702999999999981","0.9223999999999596","0.8740000000000001","0.9433999999999251","0.7353999999999515","0.9497999999999244","0.9021999999999819","0.8911999999999829"
"435000","0.9845999999999112","0.5857999999999557","0.5663999999999852","0.9447999999999611","0.4307999999999825","0.48479999999998374","0.9529999999999593","0.41679999999998224","0.9311999999999997","0.39480000000000004","0.9315999999999968","0.6283999999999537","0.9743999999999153","0.49179999999996765","0.939399999999971","0.5655999999999828","0.9485999999999558","0.9477999999999717","0.5009999999999809","0.955799999999955","0.930799999999999","0.7009999999999449","0.9775999999999153","0.5825999999999576","0.9333999999999836","0.5533999999999853","0.9443999999999586","0.9395999999999811","0.4985999999999846","0.9491999999999575","0.9308","0.9609999999999266","0.5933999999999636","0.9633999999999222","0.9337999999999828","0.9397999999999817"
"440000","0.956999999999914","0.5635999999999584","0.2679999999999959","0.8517999999999644","0.40079999999998384","0.253999999999996","0.8371999999999628","0.3823999999999841","0.7655999999999998","0.10680000000000008","0.7723999999999973","0.3999999999999758","0.9283999999999178","0.4423999999999712","0.823399999999975","0.2845999999999937","0.8573999999999592","0.8129999999999741","0.2687999999999947","0.8507999999999566","0.7665999999999986","0.5181999999999644","0.9445999999999168","0.5575999999999605","0.8087999999999848","0.2931999999999948","0.8539999999999623","0.7969999999999846","0.27859999999999535","0.8443999999999603","0.7652000000000001","0.892599999999932","0.3565999999999827","0.9015999999999285","0.8075999999999853","0.7969999999999833"
"445000","0.9549999999999149","0.5747999999999578","0.27799999999999503","0.8593999999999684","0.4001999999999853","0.31479999999999464","0.8543999999999634","0.4245999999999823","0.8081999999999998","0.1256000000000002","0.8117999999999975","0.417399999999975","0.9207999999999215","0.4557999999999712","0.8383999999999787","0.29939999999999284","0.8699999999999651","0.8329999999999744","0.30719999999999276","0.8613999999999578","0.8085999999999998","0.5341999999999641","0.9419999999999192","0.5703999999999593","0.8249999999999883","0.2993999999999953","0.8615999999999663","0.8217999999999852","0.31239999999999424","0.8541999999999619","0.8081999999999999","0.8897999999999342","0.3685999999999834","0.8983999999999319","0.8265999999999863","0.8207999999999873"
"450000","0.9997999999999111","0.589999999999957","0.9995999999999684","0.9995999999999609","0.4543999999999823","0.999599999999971","0.9995999999999591","0.4509999999999816","0.9995999999999994","0.9995999999999984","0.999599999999996","0.9997999999999219","0.999799999999915","0.4561999999999718","0.9995999999999727","0.9995999999999643","0.9995999999999531","0.9995999999999717","0.9995999999999656","0.9995999999999544","0.999599999999999","0.9997999999999195","0.999799999999914","0.5897999999999575","0.9995999999999847","0.9995999999999692","0.9995999999999587","0.9995999999999838","0.9995999999999683","0.9995999999999584","0.9995999999999998","0.9997999999999267","0.9997999999999322","0.9997999999999243","0.999599999999984","0.9995999999999836"
"455000","0.944399999999916","0.5749999999999572","0.31019999999999354","0.8243999999999643","0.4315999999999823","0.275199999999996","0.8383999999999716","0.39939999999998377","0.7501999999999996","0.11220000000000009","0.7601999999999978","0.41199999999997466","0.9101999999999217","0.4653999999999688","0.7985999999999776","0.3139999999999923","0.8335999999999592","0.8073999999999791","0.29539999999999295","0.8537999999999627","0.7553999999999996","0.5273999999999642","0.9301999999999194","0.5711999999999587","0.7887999999999872","0.3209999999999934","0.8367999999999625","0.7899999999999898","0.29199999999999443","0.8393999999999673","0.7498000000000004","0.875199999999935","0.37599999999998124","0.8869999999999303","0.788799999999986","0.7885999999999875"
"460000","0.9641999999999133","0.5669999999999574","0.26799999999999546","0.8701999999999637","0.398199999999984","0.24959999999999657","0.8737999999999623","0.38499999999998447","0.8181999999999995","0.08800000000000006","0.8239999999999974","0.3997999999999755","0.9385999999999174","0.43999999999997175","0.8521999999999729","0.27679999999999355","0.8783999999999578","0.853599999999974","0.26379999999999504","0.8817999999999574","0.8187999999999988","0.5253999999999639","0.9517999999999163","0.5629999999999603","0.8371999999999843","0.2963999999999949","0.8719999999999613","0.8409999999999851","0.2887999999999946","0.8723999999999624","0.8181999999999995","0.9099999999999292","0.3595999999999827","0.9179999999999268","0.8387999999999841","0.8377999999999843"
"465000","0.9773999999999126","0.5639999999999585","0.4209999999999857","0.9387999999999587","0.40299999999998337","0.4873999999999887","0.9287999999999632","0.4067999999999834","0.9148000000000001","0.32619999999999966","0.9151999999999962","0.5647999999999591","0.9611999999999175","0.45699999999997115","0.9317999999999717","0.44059999999998256","0.9421999999999545","0.9193999999999766","0.47819999999998675","0.9319999999999585","0.9147999999999995","0.6485999999999508","0.9689999999999159","0.5691999999999595","0.9247999999999812","0.4377999999999856","0.9389999999999595","0.9167999999999848","0.47919999999998997","0.9299999999999601","0.9148000000000001","0.9467999999999283","0.5241999999999681","0.9519999999999263","0.9249999999999804","0.9173999999999846"
"470000","0.940999999999916","0.5807999999999569","0.7911999999999775","0.8497999999999689","0.41779999999998313","0.7225999999999742","0.7907999999999665","0.4241999999999835","0.7092","0.7065999999999986","0.7267999999999987","0.8259999999999352","0.8989999999999235","0.46979999999996974","0.81699999999998","0.8043999999999739","0.8613999999999643","0.7697999999999765","0.7383999999999694","0.813999999999961","0.7179999999999993","0.850599999999931","0.9175999999999207","0.5757999999999586","0.7829999999999886","0.7875999999999778","0.846399999999966","0.7611999999999867","0.7387999999999737","0.8089999999999663","0.7069999999999999","0.8595999999999364","0.8053999999999467","0.876999999999934","0.7835999999999887","0.7665999999999867"
"475000","0.9603999999999128","0.5735999999999573","0.27279999999999505","0.8741999999999626","0.40619999999998235","0.2601999999999961","0.8763999999999622","0.3987999999999842","0.8296000000000002","0.1148000000000001","0.8305999999999972","0.407199999999975","0.935999999999918","0.4561999999999698","0.8569999999999762","0.29379999999999273","0.8849999999999556","0.8575999999999726","0.2841999999999939","0.8851999999999551","0.8295999999999991","0.5257999999999641","0.9481999999999166","0.5657999999999589","0.8475999999999837","0.2943999999999952","0.8811999999999605","0.8485999999999843","0.2887999999999952","0.8805999999999613","0.8296000000000001","0.9099999999999295","0.37099999999998223","0.9187999999999261","0.8501999999999845","0.8497999999999846"
"480000","0.9657999999999126","0.5763999999999571","0.2693999999999957","0.90579999999996","0.40099999999998337","0.25699999999999573","0.9117999999999612","0.39199999999998464","0.8849999999999995","0.10160000000000007","0.8853999999999973","0.4065999999999755","0.9499999999999162","0.44659999999997185","0.8951999999999719","0.28119999999999346","0.9093999999999546","0.9009999999999746","0.26959999999999507","0.9175999999999545","0.8851999999999989","0.5341999999999636","0.9585999999999151","0.5697999999999591","0.8897999999999825","0.29639999999999495","0.906799999999957","0.8955999999999813","0.28779999999999484","0.9139999999999587","0.8850000000000001","0.932599999999926","0.36299999999998295","0.9365999999999237","0.8895999999999824","0.8967999999999822"
"485000","0.938399999999916","0.5833999999999573","0.6455999999999769","0.7855999999999655","0.42619999999998265","0.7021999999999814","0.8221999999999711","0.40739999999998444","0.6562000000000002","0.6021999999999993","0.6985999999999977","0.7531999999999403","0.8941999999999223","0.46539999999997056","0.7597999999999779","0.6649999999999705","0.8131999999999602","0.7759999999999793","0.7023999999999789","0.8367999999999639","0.6811999999999999","0.7995999999999353","0.9183999999999208","0.5905999999999576","0.7405999999999872","0.6539999999999753","0.8049999999999641","0.7505999999999889","0.6973999999999811","0.824599999999969","0.6518","0.8553999999999358","0.7295999999999514","0.8717999999999324","0.757199999999986","0.7533999999999899"
"490000","0.9681999999999129","0.5727999999999575","0.5805999999999866","0.8915999999999659","0.4227999999999826","0.49359999999998383","0.8979999999999629","0.40759999999998436","0.8473999999999996","0.41779999999999995","0.8497999999999974","0.6417999999999519","0.9407999999999183","0.4737999999999695","0.8723999999999772","0.5893999999999825","0.8975999999999598","0.8841999999999728","0.5159999999999803","0.9025999999999559","0.8469999999999995","0.7111999999999442","0.9539999999999164","0.5753999999999594","0.8631999999999849","0.5731999999999834","0.89119999999996","0.8711999999999825","0.5131999999999844","0.8923999999999623","0.8469999999999999","0.9195999999999301","0.6125999999999617","0.9275999999999283","0.8615999999999847","0.871399999999984"
"495000","0.9699999999999122","0.5655999999999576","0.26099999999999557","0.9033999999999635","0.3939999999999843","0.2641999999999956","0.9011999999999593","0.39019999999998384","0.8691999999999992","0.09700000000000007","0.8697999999999967","0.4019999999999748","0.9499999999999171","0.4429999999999709","0.8915999999999754","0.27879999999999316","0.9057999999999581","0.889799999999972","0.27279999999999366","0.9051999999999537","0.8691999999999988","0.5179999999999648","0.9619999999999151","0.5583999999999593","0.8799999999999834","0.2841999999999952","0.901199999999961","0.8827999999999832","0.2871999999999951","0.9035999999999582","0.8692000000000001","0.9277999999999273","0.355999999999983","0.9329999999999249","0.879199999999983","0.8827999999999828"
"500000","0.9345999999999156","0.5685999999999581","0.25619999999999604","0.8099999999999699","0.38719999999998533","0.28559999999999447","0.7931999999999654","0.40959999999998253","0.6921999999999997","0.10420000000000015","0.7085999999999985","0.41059999999997515","0.8985999999999226","0.4473999999999714","0.77419999999998","0.28719999999999374","0.823999999999964","0.7589999999999778","0.29499999999999327","0.8107999999999591","0.6945999999999998","0.5249999999999644","0.9189999999999197","0.5587999999999598","0.7581999999999871","0.29199999999999526","0.8169999999999674","0.7427999999999879","0.29499999999999527","0.8041999999999642","0.6866000000000002","0.860399999999936","0.3607999999999834","0.8719999999999332","0.7577999999999878","0.7423999999999867"
"505000","0.970399999999913","0.582599999999957","0.9109999999999686","0.9177999999999616","0.4383999999999823","0.9165999999999715","0.9259999999999642","0.4313999999999826","0.8971999999999993","0.8977999999999983","0.8981999999999958","0.9405999999999256","0.9545999999999175","0.45319999999997235","0.9143999999999732","0.9163999999999641","0.9271999999999564","0.9153999999999756","0.9243999999999661","0.9401999999999586","0.8975999999999992","0.9473999999999213","0.9611999999999168","0.5859999999999581","0.9011999999999829","0.9103999999999689","0.9235999999999589","0.9067999999999845","0.9187999999999729","0.932199999999962","0.8972000000000001","0.9429999999999288","0.937399999999935","0.9499999999999262","0.9165999999999822","0.9139999999999847"
"510000","0.961399999999913","0.5745999999999576","0.36879999999999175","0.880199999999962","0.4289999999999831","0.320599999999992","0.8943999999999669","0.39999999999998465","0.8503999999999997","0.1720000000000001","0.8513999999999973","0.463599999999969","0.9381999999999183","0.47479999999996847","0.8665999999999737","0.3717999999999897","0.8865999999999562","0.8755999999999754","0.3387999999999891","0.9033999999999609","0.8507999999999999","0.5685999999999585","0.9509999999999168","0.5747999999999576","0.861399999999986","0.37139999999999157","0.8867999999999603","0.8625999999999858","0.33839999999999176","0.8913999999999643","0.8503999999999998","0.914399999999931","0.42659999999997716","0.9213999999999269","0.8633999999999814","0.8627999999999846"
"515000","0.9525999999999143","0.5677999999999576","0.26739999999999586","0.8221999999999673","0.39559999999998446","0.25679999999999614","0.8249999999999664","0.3945999999999842","0.7203999999999996","0.09360000000000014","0.7357999999999982","0.40359999999997576","0.9187999999999201","0.4441999999999711","0.7911999999999776","0.2791999999999935","0.8351999999999618","0.7925999999999772","0.27739999999999426","0.840399999999962","0.7251999999999991","0.5225999999999646","0.937799999999918","0.5615999999999602","0.7751999999999861","0.2937999999999948","0.8339999999999654","0.7767999999999866","0.2949999999999951","0.8339999999999647","0.7205999999999997","0.8835999999999323","0.3669999999999826","0.892999999999929","0.780999999999987","0.7757999999999876"
"520000","0.9953999999999104","0.5661999999999585","0.36259999999998865","0.9881999999999578","0.395799999999984","0.4251999999999896","0.9879999999999609","0.41299999999998316","0.9857999999999998","0.24640000000000006","0.985999999999997","0.5183999999999646","0.9915999999999151","0.4609999999999713","0.9865999999999712","0.3867999999999858","0.9877999999999545","0.9871999999999727","0.4205999999999885","0.9885999999999557","0.9857999999999987","0.6043999999999551","0.9939999999999137","0.5643999999999599","0.9865999999999808","0.38499999999998863","0.9875999999999591","0.9867999999999839","0.4199999999999906","0.9881999999999566","0.9858","0.9897999999999265","0.4703999999999727","0.9905999999999235","0.9861999999999808","0.9863999999999855"
"525000","0.9549999999999141","0.5841999999999568","0.866199999999974","0.8987999999999671","0.4309999999999822","0.8127999999999714","0.8413999999999642","0.4257999999999838","0.8043999999999996","0.8045999999999996","0.8107999999999972","0.8855999999999304","0.9293999999999195","0.4615999999999704","0.8771999999999759","0.875399999999971","0.9123999999999604","0.8315999999999767","0.8221999999999682","0.8625999999999605","0.8057999999999991","0.8967999999999279","0.9395999999999194","0.581799999999958","0.8499999999999872","0.8595999999999755","0.8963999999999656","0.8251999999999855","0.8205999999999721","0.8559999999999636","0.8039999999999996","0.8979999999999336","0.8681999999999419","0.9097999999999301","0.8505999999999869","0.8297999999999864"
"530000","0.9633999999999127","0.5629999999999586","0.26979999999999527","0.8779999999999619","0.40159999999998325","0.25279999999999575","0.880599999999962","0.38619999999998456","0.8364000000000001","0.1100000000000001","0.8379999999999963","0.4083999999999751","0.9425999999999168","0.4573999999999701","0.8633999999999723","0.2911999999999932","0.8889999999999563","0.8643999999999743","0.2873999999999929","0.8921999999999567","0.8365999999999999","0.5227999999999651","0.9523999999999162","0.5647999999999596","0.8547999999999826","0.29359999999999425","0.8851999999999586","0.853999999999983","0.27919999999999584","0.8837999999999611","0.8363999999999997","0.9171999999999281","0.3713999999999815","0.9249999999999257","0.8553999999999832","0.8559999999999841"
