"all_attributes","Flight","AirportFrom","AirportTo","DayOfWeek","Time","Length"
"1000","0.18900000000000006","0.12","0.2750000000000002","0.25100000000000017","0.0","0.0","0.06400000000000002","0.9149999999999553"
"2000","0.09600000000000003","0.02299999999999998","0.2600000000000001","0.23400000000000015","0.0","0.0","0.047000000000000014","0.9339999999999529"
"3000","0.11700000000000002","0.06999999999999998","0.2490000000000001","0.22200000000000017","0.0","0.475","0.03600000000000002","0.9839999999999471"
"4000","0.139","0.04899999999999999","0.27600000000000013","0.1900000000000001","0.0","0.525","0.04899999999999999","0.9809999999999478"
"5000","0.12400000000000001","0.06599999999999999","0.2860000000000002","0.22500000000000014","0.0","0.0","0.063","0.9259999999999537"
"6000","0.108","0.043999999999999984","0.24100000000000016","0.25100000000000017","0.0","0.03800000000000002","0.030999999999999986","0.9319999999999529"
"7000","0.08600000000000001","0.07099999999999998","0.2680000000000001","0.21600000000000016","0.0","0.962","0.026999999999999996","0.9999999999999456"
"8000","0.097","0.081","0.23300000000000015","0.21800000000000014","0.0","0.0","0.03499999999999999","0.9379999999999523"
"9000","0.11699999999999998","0.05400000000000002","0.2670000000000002","0.21700000000000016","0.0","0.0","0.021999999999999992","0.9279999999999533"
"10000","0.09","0.016","0.23600000000000015","0.21400000000000016","0.0","0.517","0.026999999999999996","0.985999999999947"
"11000","0.064","0.015999999999999986","0.2020000000000001","0.21800000000000014","0.0","0.483","0.034","0.966999999999949"
"12000","0.07500000000000001","0.04100000000000001","0.2570000000000001","0.23000000000000015","0.0","0.0","0.05299999999999999","0.9329999999999529"
"13000","0.09100000000000003","0.059","0.24000000000000013","0.1850000000000001","0.0","0.0","0.06200000000000001","0.929999999999953"
"14000","0.12700000000000003","0.040999999999999995","0.25000000000000017","0.21800000000000014","0.0","0.979","0.03500000000000002","0.9999999999999455"
"15000","0.13","0.07400000000000001","0.2560000000000001","0.2610000000000002","0.0","0.02100000000000001","0.05299999999999999","0.9409999999999519"
"16000","0.12900000000000003","0.05600000000000001","0.27900000000000014","0.2700000000000002","0.0","0.0","0.08400000000000002","0.9319999999999534"
"17000","0.273","0.07900000000000001","0.35800000000000015","0.40300000000000025","0.388","0.388","0.09599999999999999","0.9429999999999528"
"18000","0.2750000000000001","0.044","0.4730000000000003","0.38300000000000023","0.612","0.612","0.14500000000000002","0.9819999999999486"
"19000","0.18300000000000002","0.08200000000000002","0.2910000000000002","0.24900000000000014","0.0","0.0","0.076","0.9349999999999525"
"20000","0.101","0.02700000000000001","0.2540000000000001","0.21400000000000013","0.0","0.0","0.046999999999999986","0.9289999999999532"
"21000","0.08200000000000002","0.04799999999999999","0.24500000000000013","0.20600000000000013","0.0","0.788","0.03699999999999999","0.9959999999999459"
"22000","0.11","0.043999999999999984","0.24300000000000013","0.21400000000000016","0.0","0.21199999999999997","0.06600000000000003","0.9399999999999519"
"23000","0.11799999999999998","0.056999999999999995","0.24900000000000014","0.22000000000000017","0.0","0.0","0.034","0.9269999999999536"
"24000","0.10799999999999998","0.04100000000000001","0.2680000000000001","0.25400000000000017","0.0","0.21399999999999997","0.060999999999999985","0.9629999999999493"
"25000","0.11600000000000002","0.035999999999999976","0.30700000000000016","0.23300000000000018","0.0","0.786","0.043","0.996999999999946"
"26000","0.10800000000000003","0.055999999999999994","0.25500000000000017","0.21600000000000016","0.0","0.0","0.068","0.9359999999999525"
"27000","0.08400000000000002","0.032","0.25300000000000017","0.21400000000000013","0.0","0.0","0.06500000000000002","0.9319999999999529"
"28000","0.07500000000000001","0.010000000000000009","0.22800000000000015","0.21600000000000016","0.0","0.601","0.02099999999999999","0.9939999999999461"
"29000","0.062000000000000006","0.021999999999999992","0.20000000000000015","0.21700000000000014","0.0","0.399","0.047","0.9649999999999492"
"30000","0.079","0.05499999999999999","0.2560000000000001","0.23000000000000018","0.0","0.0","0.06","0.9369999999999524"
"31000","0.08900000000000002","0.065","0.24200000000000016","0.18500000000000008","0.0","0.010000000000000005","0.048","0.9349999999999524"
"32000","0.12700000000000003","0.05","0.24700000000000014","0.21100000000000016","0.0","0.99","0.02800000000000001","0.9999999999999455"
"33000","0.12900000000000003","0.07300000000000001","0.2530000000000001","0.25400000000000017","0.0","0.0","0.06100000000000001","0.9409999999999518"
"34000","0.11999999999999998","0.059","0.28300000000000014","0.2660000000000002","0.0","0.0","0.081","0.9339999999999529"
"35000","0.28800000000000003","0.06299999999999999","0.36000000000000026","0.3760000000000002","0.34099999999999997","0.34099999999999997","0.11499999999999999","0.9379999999999535"
"36000","0.279","0.06","0.5070000000000001","0.3970000000000002","0.659","0.659","0.17800000000000005","0.9809999999999488"
"37000","0.19500000000000003","0.08399999999999999","0.2860000000000002","0.23600000000000015","0.0","0.0","0.07800000000000001","0.9339999999999528"
"38000","0.11700000000000002","0.01899999999999999","0.2660000000000002","0.22700000000000015","0.0","0.0","0.04500000000000001","0.931999999999953"
"39000","0.11300000000000002","0.043999999999999984","0.25500000000000017","0.20300000000000012","0.0","0.725","0.04700000000000003","0.995999999999946"
"40000","0.11600000000000002","0.04299999999999998","0.2520000000000001","0.19500000000000015","0.0","0.275","0.074","0.9439999999999514"
"41000","0.13300000000000003","0.05499999999999999","0.2590000000000001","0.21200000000000016","0.0","0.0","0.04299999999999998","0.9319999999999531"
"42000","0.13600000000000007","0.031000000000000014","0.2870000000000002","0.2490000000000002","0.0","0.139","0.046999999999999986","0.9549999999999507"
"43000","0.12000000000000002","0.03699999999999999","0.30800000000000016","0.23600000000000018","0.0","0.861","0.030999999999999972","0.9989999999999459"
"44000","0.08700000000000002","0.06799999999999999","0.24600000000000014","0.22100000000000017","0.0","0.0","0.03999999999999998","0.9379999999999524"
"45000","0.096","0.04100000000000002","0.2650000000000001","0.21800000000000014","0.0","0.0","0.044999999999999984","0.9309999999999531"
"46000","0.08499999999999999","0.009000000000000008","0.23400000000000015","0.20800000000000013","0.0","0.524","0.023999999999999994","0.9879999999999468"
"47000","0.059","0.027999999999999983","0.21500000000000014","0.21500000000000014","0.0","0.476","0.029000000000000012","0.9699999999999486"
"48000","0.063","0.044","0.25300000000000017","0.21700000000000016","0.0","0.0","0.052000000000000005","0.9319999999999529"
"49000","0.086","0.043000000000000024","0.23500000000000018","0.19000000000000014","0.0","0.0","0.06100000000000001","0.9289999999999532"
"50000","0.15400000000000003","0.044","0.2570000000000002","0.20800000000000016","0.0","0.922","0.013999999999999999","0.9999999999999458"
"51000","0.15900000000000003","0.08199999999999999","0.2930000000000001","0.2620000000000002","0.0","0.07799999999999999","0.054000000000000034","0.9469999999999512"
"52000","0.16000000000000003","0.046999999999999986","0.29100000000000015","0.2750000000000002","0.0","0.0","0.08299999999999998","0.9319999999999531"
"53000","0.22300000000000003","0.039999999999999994","0.31600000000000017","0.3130000000000002","0.20099999999999998","0.20099999999999998","0.11499999999999999","0.9189999999999554"
"54000","0.14100000000000001","0.07799999999999999","0.5649999999999995","0.44300000000000017","0.7989999999999999","0.7989999999999999","0.171","0.9839999999999489"
"55000","0.2230000000000001","0.14700000000000002","0.3060000000000002","0.29500000000000015","0.0","0.0","0.09000000000000002","0.9199999999999545"
"56000","0.08700000000000001","0.04200000000000001","0.26900000000000013","0.22400000000000014","0.0","0.16100000000000003","0.05300000000000002","0.9459999999999515"
"57000","0.089","0.049000000000000016","0.2590000000000002","0.20300000000000012","0.0","0.839","0.040999999999999995","0.9969999999999463"
"58000","0.11700000000000002","0.047000000000000014","0.25300000000000017","0.24600000000000016","0.0","0.0","0.038000000000000006","0.9289999999999535"
"59000","0.099","0.017","0.22400000000000014","0.25100000000000017","0.0","0.0","0.046","0.931999999999953"
"60000","0.09900000000000003","0.04499999999999997","0.2540000000000001","0.21600000000000014","0.0","0.955","0.02600000000000001","0.9999999999999457"
"61000","0.08700000000000002","0.039999999999999966","0.22100000000000014","0.19900000000000012","0.0","0.04500000000000002","0.047","0.9389999999999523"
"62000","0.08900000000000002","0.032","0.24300000000000016","0.19500000000000015","0.0","0.0","0.056999999999999995","0.935999999999953"
"63000","0.08100000000000002","0.03900000000000001","0.22700000000000015","0.2030000000000001","0.0","0.855","0.046999999999999986","0.9959999999999465"
"64000","0.09800000000000003","0.05800000000000001","0.22000000000000017","0.2030000000000001","0.0","0.14500000000000002","0.045","0.9419999999999521"
"65000","0.10600000000000001","0.063","0.24400000000000016","0.21900000000000014","0.0","0.09899999999999999","0.039999999999999994","0.9299999999999533"
"66000","0.08900000000000002","0.038000000000000006","0.2940000000000002","0.23600000000000015","0.0","0.901","0.06799999999999999","0.9949999999999468"
"67000","0.17","0.038000000000000006","0.33200000000000013","0.2590000000000002","0.0","0.0","0.084","0.8769999999999603"
"68000","0.12899999999999998","0.056999999999999995","0.5750000000000001","0.5969999999999985","0.922","0.922","0.11699999999999999","0.9869999999999495"
"69000","0.17100000000000004","0.07999999999999999","0.2990000000000002","0.28800000000000014","0.07799999999999999","0.07799999999999999","0.051000000000000004","0.9139999999999553"
"70000","0.10400000000000002","0.029999999999999985","0.28500000000000014","0.22700000000000012","0.0","0.08299999999999999","0.023999999999999994","0.9429999999999521"
"71000","0.07600000000000001","0.049000000000000016","0.28200000000000014","0.17500000000000013","0.0","0.917","0.048","0.9969999999999459"
"72000","0.128","0.07700000000000001","0.28100000000000014","0.22800000000000017","0.0","0.0","0.035","0.9279999999999534"
"73000","0.09600000000000003","0.022999999999999993","0.23200000000000015","0.23600000000000015","0.0","0.0","0.020000000000000004","0.9389999999999525"
"74000","0.091","0.06899999999999999","0.24500000000000016","0.19600000000000012","0.0","0.652","0.061","0.9869999999999474"
"75000","0.07700000000000001","0.049","0.2420000000000002","0.22400000000000017","0.0","0.348","0.07200000000000001","0.975999999999948"
"76000","0.08000000000000002","0.01200000000000001","0.2540000000000001","0.21500000000000014","0.0","0.0","0.048","0.9399999999999519"
"77000","0.10800000000000001","0.024999999999999994","0.21300000000000016","0.20800000000000016","0.0","0.10799999999999998","0.055999999999999994","0.9529999999999507"
"78000","0.104","0.024999999999999994","0.27100000000000013","0.20100000000000015","0.0","0.892","0.04299999999999998","0.9989999999999458"
"79000","0.096","0.03299999999999999","0.2670000000000002","0.23000000000000015","0.0","0.0","0.05100000000000002","0.9169999999999545"
"80000","0.097","0.04799999999999999","0.29800000000000015","0.21800000000000017","0.0","0.0","0.061","0.9309999999999531"
"81000","0.12900000000000003","0.08600000000000001","0.27600000000000013","0.22800000000000017","0.0","0.527","0.065","0.9899999999999467"
"82000","0.099","0.049999999999999975","0.28300000000000014","0.21900000000000017","0.0","0.473","0.05099999999999999","0.9749999999999481"
"83000","0.12400000000000003","0.057999999999999996","0.2510000000000001","0.24500000000000016","0.0","0.0","0.096","0.9389999999999525"
"84000","0.14","0.079","0.2970000000000001","0.2900000000000002","0.0","0.0","0.06999999999999999","0.9189999999999546"
"85000","0.12100000000000002","0.054000000000000006","0.5459999999999998","0.5469999999999996","0.8109999999999999","0.8109999999999999","0.10100000000000002","0.977999999999949"
"86000","0.16700000000000004","0.096","0.3130000000000002","0.2460000000000001","0.18899999999999997","0.18899999999999997","0.057999999999999996","0.939999999999953"
"87000","0.069","0.02499999999999998","0.2950000000000002","0.22800000000000015","0.0","0.0","0.04600000000000001","0.9379999999999523"
"88000","0.10600000000000001","0.047","0.2780000000000002","0.20900000000000016","0.0","0.16600000000000004","0.045","0.95999999999995"
"89000","0.10600000000000001","0.033","0.2670000000000001","0.17900000000000013","0.0","0.834","0.05800000000000001","0.9979999999999462"
"90000","0.118","0.047","0.27500000000000013","0.21800000000000017","0.0","0.0","0.033000000000000015","0.9189999999999549"
"91000","0.10100000000000003","0.021000000000000005","0.2200000000000001","0.2460000000000002","0.0","0.0","0.015999999999999986","0.9359999999999526"
"92000","0.097","0.071","0.2570000000000001","0.19700000000000015","0.0","0.581","0.067","0.9879999999999468"
"93000","0.079","0.046999999999999986","0.24200000000000016","0.21100000000000013","0.0","0.41900000000000004","0.06500000000000002","0.9729999999999486"
"94000","0.056","0.027999999999999997","0.24900000000000017","0.21300000000000013","0.0","0.0","0.05299999999999999","0.9399999999999519"
"95000","0.067","0.029000000000000012","0.21500000000000016","0.20200000000000015","0.0","0.0","0.06","0.9429999999999517"
"96000","0.07200000000000001","0.03399999999999999","0.2750000000000002","0.19100000000000014","0.0","0.979","0.05600000000000001","0.9989999999999459"
"97000","0.091","0.03599999999999999","0.2680000000000001","0.21300000000000013","0.0","0.02100000000000001","0.024000000000000007","0.9119999999999551"
"98000","0.08700000000000002","0.049","0.29300000000000015","0.21200000000000013","0.0","0.0","0.03799999999999999","0.932999999999953"
"99000","0.10400000000000004","0.06800000000000002","0.2670000000000002","0.20900000000000013","0.0","0.42700000000000005","0.053000000000000005","0.9819999999999472"
"100000","0.10000000000000003","0.023999999999999994","0.28600000000000014","0.20900000000000016","0.0","0.573","0.054000000000000006","0.9829999999999471"
"101000","0.12700000000000003","0.077","0.2760000000000002","0.24600000000000016","0.0","0.0","0.11299999999999999","0.9429999999999518"
"102000","0.14000000000000004","0.06900000000000002","0.3250000000000001","0.2880000000000002","0.0","0.0","0.09300000000000001","0.9179999999999546"
"103000","0.123","0.04500000000000001","0.5409999999999997","0.5680000000000001","0.862","0.862","0.11000000000000003","0.9819999999999491"
"104000","0.16699999999999998","0.08499999999999999","0.29700000000000015","0.2650000000000001","0.138","0.138","0.05299999999999999","0.9359999999999533"
"105000","0.052000000000000005","0.026999999999999982","0.2670000000000002","0.22200000000000017","0.0","0.0","0.053000000000000005","0.9299999999999535"
"106000","0.082","0.05499999999999999","0.2600000000000001","0.23600000000000015","0.0","0.358","0.02200000000000002","0.9719999999999489"
"107000","0.08900000000000001","0.07099999999999998","0.28300000000000014","0.20400000000000013","0.0","0.642","0.032","0.987999999999947"
"108000","0.087","0.07900000000000001","0.2750000000000001","0.21600000000000016","0.0","0.0","0.039999999999999994","0.9129999999999552"
"109000","0.092","0.048000000000000015","0.23600000000000015","0.25200000000000017","0.0","0.0","0.01999999999999999","0.9289999999999532"
"110000","0.098","0.064","0.27500000000000013","0.21200000000000016","0.0","0.966","0.03899999999999998","0.9999999999999459"
"111000","0.07400000000000001","0.06900000000000002","0.22300000000000011","0.21000000000000013","0.0","0.034000000000000016","0.032999999999999974","0.9409999999999518"
"112000","0.098","0.05500000000000001","0.2670000000000001","0.22100000000000017","0.0","0.0","0.016999999999999987","0.9279999999999533"
"113000","0.093","0.014000000000000012","0.22800000000000015","0.21100000000000016","0.0","0.49","0.026999999999999982","0.9809999999999476"
"114000","0.06600000000000002","0.020999999999999977","0.2060000000000001","0.21900000000000017","0.0","0.51","0.031","0.967999999999949"
"115000","0.07799999999999999","0.049999999999999975","0.24300000000000016","0.21700000000000014","0.0","0.0","0.061999999999999986","0.929999999999953"
"116000","0.08800000000000002","0.06600000000000002","0.23700000000000015","0.1840000000000001","0.0","0.025000000000000012","0.06100000000000001","0.9249999999999535"
"117000","0.12000000000000005","0.05","0.24500000000000013","0.19900000000000012","0.0","0.975","0.031000000000000014","0.9979999999999464"
"118000","0.10500000000000001","0.098","0.24500000000000016","0.2520000000000001","0.0","0.0","0.084","0.9439999999999514"
"119000","0.10500000000000001","0.055999999999999994","0.27800000000000014","0.2640000000000002","0.0","0.0","0.07099999999999998","0.917999999999955"
"120000","0.223","0.08199999999999999","0.41800000000000026","0.4340000000000003","0.612","0.612","0.087","0.9589999999999514"
"121000","0.191","0.089","0.3410000000000002","0.2580000000000002","0.388","0.388","0.08499999999999999","0.9589999999999507"
"122000","0.138","0.052000000000000005","0.2850000000000002","0.24700000000000014","0.0","0.0","0.05600000000000001","0.9369999999999531"
"123000","0.10599999999999998","0.05","0.2640000000000001","0.22400000000000014","0.0","0.11099999999999999","0.036000000000000004","0.9479999999999512"
"124000","0.105","0.038000000000000006","0.2590000000000001","0.19300000000000012","0.0","0.889","0.04899999999999999","0.9989999999999459"
"125000","0.12600000000000003","0.052000000000000005","0.27600000000000013","0.21600000000000016","0.0","0.0","0.045","0.9089999999999556"
"126000","0.08600000000000002","0.03399999999999999","0.22400000000000014","0.24800000000000016","0.0","0.0","0.024999999999999994","0.9319999999999531"
"127000","0.08600000000000002","0.07100000000000001","0.24800000000000016","0.1880000000000001","0.0","0.69","0.045999999999999985","0.9899999999999468"
"128000","0.06900000000000003","0.06000000000000001","0.24000000000000016","0.20500000000000015","0.0","0.31000000000000005","0.05199999999999999","0.9619999999999497"
"129000","0.08600000000000002","0.03699999999999999","0.24600000000000016","0.20400000000000015","0.0","0.0","0.03599999999999999","0.9329999999999529"
"130000","0.10699999999999998","0.016","0.22800000000000017","0.18200000000000013","0.0","0.17800000000000002","0.03799999999999999","0.9549999999999504"
"131000","0.11800000000000002","0.024999999999999994","0.2650000000000001","0.20100000000000012","0.0","0.8220000000000001","0.030999999999999986","0.9959999999999463"
"132000","0.11400000000000005","0.04299999999999998","0.27500000000000013","0.24600000000000016","0.0","0.0","0.05400000000000002","0.9279999999999533"
"133000","0.07900000000000003","0.016999999999999987","0.27800000000000014","0.21200000000000013","0.0","0.0","0.07000000000000002","0.9199999999999541"
"134000","0.132","0.05500000000000002","0.2760000000000002","0.21000000000000013","0.0","0.654","0.049","0.995999999999946"
"135000","0.15300000000000002","0.049","0.2760000000000002","0.24700000000000016","0.0","0.346","0.04000000000000001","0.9669999999999491"
"136000","0.14700000000000002","0.019000000000000017","0.2580000000000001","0.25100000000000017","0.0","0.0","0.11600000000000002","0.9419999999999518"
"137000","0.23200000000000004","0.07500000000000002","0.3260000000000001","0.2730000000000002","0.07999999999999999","0.07999999999999999","0.132","0.9119999999999567"
"138000","0.159","0.08100000000000002","0.6109999999999983","0.5229999999999997","0.92","0.92","0.175","0.9909999999999481"
"139000","0.20400000000000001","0.14400000000000002","0.2590000000000002","0.27900000000000014","0.0","0.0","0.07200000000000001","0.9189999999999549"
"140000","0.068","0.038000000000000006","0.25500000000000017","0.22200000000000014","0.0","0.0","0.046","0.9289999999999532"
"141000","0.10500000000000001","0.072","0.24900000000000014","0.22300000000000017","0.0","0.471","0.024999999999999994","0.9859999999999471"
"142000","0.11500000000000002","0.054000000000000006","0.2770000000000002","0.19000000000000014","0.0","0.529","0.04899999999999999","0.9839999999999475"
"143000","0.099","0.071","0.2850000000000002","0.22900000000000015","0.0","0.0","0.05299999999999999","0.9189999999999545"
"144000","0.11800000000000002","0.05500000000000002","0.2590000000000001","0.2730000000000002","0.0","0.0","0.021999999999999992","0.9379999999999522"
"145000","0.1","0.06","0.2730000000000002","0.22100000000000017","0.0","0.895","0.045","0.9989999999999463"
"146000","0.07700000000000001","0.094","0.23200000000000015","0.22500000000000014","0.0","0.10499999999999998","0.05299999999999999","0.949999999999951"
"147000","0.09500000000000001","0.039999999999999994","0.27500000000000013","0.21900000000000014","0.0","0.0","0.032999999999999974","0.9309999999999529"
"148000","0.10899999999999999","0.016","0.23900000000000016","0.21600000000000016","0.0","0.28400000000000003","0.029999999999999985","0.9649999999999495"
"149000","0.10899999999999999","0.021999999999999992","0.2670000000000001","0.20900000000000016","0.0","0.716","0.030999999999999986","0.9859999999999471"
"150000","0.08200000000000002","0.03900000000000001","0.2680000000000001","0.22400000000000017","0.0","0.0","0.054000000000000006","0.9389999999999522"
"151000","0.08500000000000002","0.010000000000000009","0.26900000000000013","0.20500000000000013","0.0","0.0","0.07400000000000002","0.9279999999999535"
"152000","0.13400000000000004","0.054000000000000006","0.2720000000000002","0.20900000000000013","0.0","0.698","0.039999999999999994","0.9969999999999459"
"153000","0.15400000000000005","0.05399999999999999","0.28700000000000014","0.2420000000000002","0.0","0.30200000000000005","0.048","0.966999999999949"
"154000","0.14800000000000002","0.02200000000000002","0.2600000000000002","0.25100000000000017","0.0","0.0","0.108","0.939999999999952"
"155000","0.21100000000000005","0.07","0.31800000000000017","0.2590000000000002","0.02400000000000001","0.02400000000000001","0.141","0.905999999999957"
"156000","0.15400000000000005","0.08000000000000002","0.622999999999999","0.549999999999999","0.976","0.976","0.172","0.9959999999999477"
"157000","0.18700000000000006","0.12000000000000001","0.2650000000000002","0.2500000000000001","0.0","0.0","0.07100000000000002","0.9149999999999555"
"158000","0.07600000000000001","0.03599999999999999","0.2620000000000002","0.21500000000000014","0.0","0.0","0.05","0.9329999999999531"
"159000","0.09500000000000001","0.06100000000000001","0.2610000000000001","0.22400000000000014","0.0","0.405","0.024000000000000007","0.9809999999999475"
"160000","0.08000000000000002","0.06500000000000002","0.27900000000000014","0.19600000000000015","0.0","0.595","0.03700000000000002","0.9879999999999471"
"161000","0.083","0.076","0.2680000000000001","0.23400000000000015","0.0","0.0","0.059","0.9189999999999544"
"162000","0.098","0.04600000000000003","0.24800000000000014","0.24700000000000016","0.0","0.0","0.032999999999999974","0.9379999999999523"
"163000","0.09600000000000003","0.073","0.2600000000000001","0.22100000000000014","0.0","0.819","0.03700000000000002","0.9969999999999462"
"164000","0.078","0.08800000000000001","0.22200000000000017","0.23000000000000015","0.0","0.18100000000000002","0.05499999999999998","0.9549999999999503"
"165000","0.08300000000000002","0.049","0.25600000000000017","0.20600000000000013","0.0","0.0","0.048999999999999974","0.9309999999999531"
"166000","0.10600000000000001","0.03","0.24600000000000016","0.20500000000000013","0.0","0.20499999999999996","0.038000000000000006","0.9599999999999499"
"167000","0.12000000000000004","0.022000000000000006","0.27800000000000014","0.20800000000000013","0.0","0.795","0.030999999999999972","0.9939999999999463"
"168000","0.12500000000000003","0.033000000000000015","0.2810000000000002","0.24500000000000013","0.0","0.0","0.06000000000000001","0.9319999999999529"
"169000","0.072","0.015000000000000013","0.2950000000000002","0.21200000000000013","0.0","0.0","0.05500000000000001","0.9189999999999543"
"170000","0.11900000000000002","0.06300000000000001","0.2800000000000002","0.2040000000000001","0.0","0.605","0.046","0.9939999999999461"
"171000","0.128","0.048","0.28200000000000014","0.22200000000000011","0.0","0.395","0.05500000000000002","0.9709999999999486"
"172000","0.12200000000000001","0.031","0.2540000000000001","0.23000000000000015","0.0","0.0","0.105","0.939999999999952"
"173000","0.15300000000000005","0.08100000000000002","0.29800000000000015","0.2800000000000002","0.0","0.0","0.08299999999999999","0.897999999999957"
"174000","0.17600000000000002","0.06300000000000001","0.5539999999999993","0.6159999999999974","0.885","0.885","0.135","0.9829999999999485"
"175000","0.226","0.122","0.25400000000000017","0.29700000000000015","0.11499999999999999","0.11499999999999999","0.043","0.9209999999999544"
"176000","0.09900000000000003","0.03700000000000002","0.2770000000000002","0.24400000000000016","0.0","0.0","0.03900000000000001","0.9309999999999532"
"177000","0.07700000000000003","0.05199999999999999","0.25000000000000017","0.22300000000000014","0.0","0.843","0.025999999999999995","0.9939999999999463"
"178000","0.11900000000000001","0.05399999999999999","0.2610000000000002","0.22400000000000017","0.0","0.15700000000000003","0.048000000000000015","0.9509999999999508"
"179000","0.095","0.024999999999999994","0.21600000000000014","0.22700000000000015","0.0","0.0","0.025999999999999995","0.9339999999999529"
"180000","0.09100000000000001","0.022999999999999965","0.22500000000000014","0.21400000000000013","0.0","0.632","0.06799999999999999","0.9879999999999471"
"181000","0.06900000000000003","0.022999999999999993","0.21900000000000017","0.2040000000000001","0.0","0.368","0.06599999999999999","0.9719999999999487"
"182000","0.08800000000000002","0.04099999999999998","0.2630000000000002","0.19500000000000012","0.0","0.0","0.04400000000000001","0.9369999999999525"
"183000","0.09900000000000002","0.024999999999999994","0.19600000000000012","0.2070000000000001","0.0","0.526","0.046999999999999986","0.9739999999999484"
"184000","0.07100000000000001","0.03","0.21600000000000014","0.23000000000000015","0.0","0.474","0.016999999999999987","0.9719999999999486"
"185000","0.08700000000000002","0.028999999999999956","0.2490000000000001","0.21000000000000013","0.0","0.0","0.04200000000000001","0.9159999999999553"
"186000","0.137","0.08299999999999996","0.29800000000000015","0.21500000000000016","0.0","0.76","0.07400000000000002","0.9919999999999466"
"187000","0.168","0.05699999999999998","0.31400000000000017","0.2680000000000002","0.0","0.24","0.082","0.9199999999999554"
"188000","0.17400000000000002","0.07799999999999999","0.42800000000000027","0.4340000000000002","0.585","0.585","0.11100000000000002","0.9409999999999541"
"189000","0.159","0.08999999999999998","0.3700000000000002","0.2520000000000001","0.41500000000000004","0.41500000000000004","0.061000000000000026","0.9479999999999525"
"190000","0.123","0.01100000000000001","0.3110000000000002","0.2510000000000001","0.0","0.0","0.07800000000000003","0.9279999999999539"
"191000","0.05899999999999999","0.032","0.2550000000000001","0.21400000000000013","0.0","0.747","0.05500000000000001","0.9939999999999464"
"192000","0.10400000000000004","0.048000000000000015","0.21100000000000013","0.21700000000000014","0.0","0.253","0.06999999999999999","0.9499999999999509"
"193000","0.11500000000000003","0.039999999999999994","0.21700000000000014","0.21200000000000016","0.0","0.0","0.04500000000000001","0.9309999999999532"
"194000","0.11300000000000004","0.038000000000000006","0.23900000000000013","0.22800000000000017","0.0","0.31299999999999994","0.07300000000000001","0.9639999999999493"
"195000","0.128","0.043999999999999984","0.2920000000000002","0.21600000000000014","0.0","0.687","0.05299999999999998","0.9959999999999459"
"196000","0.09200000000000003","0.056999999999999995","0.24300000000000013","0.22400000000000014","0.0","0.0","0.083","0.9369999999999524"
"197000","0.053000000000000005","0.026999999999999996","0.23200000000000015","0.20500000000000015","0.0","0.0","0.083","0.9379999999999523"
"198000","0.052","0.012999999999999998","0.24200000000000016","0.19300000000000014","0.0","0.764","0.034000000000000016","0.9949999999999463"
"199000","0.07500000000000001","0.018000000000000002","0.20500000000000013","0.21300000000000013","0.0","0.236","0.041999999999999996","0.9509999999999509"
"200000","0.098","0.055999999999999994","0.27400000000000013","0.19700000000000015","0.0","0.0","0.06","0.9349999999999528"
"201000","0.121","0.07400000000000001","0.24800000000000014","0.18200000000000013","0.0","0.16600000000000004","0.062","0.9519999999999508"
"202000","0.11500000000000002","0.02100000000000002","0.2520000000000001","0.19600000000000012","0.0","0.834","0.020000000000000004","0.9909999999999467"
"203000","0.09300000000000001","0.07300000000000001","0.24400000000000013","0.2630000000000002","0.0","0.0","0.059","0.9599999999999502"
"204000","0.10900000000000004","0.077","0.2960000000000001","0.2720000000000002","0.0","0.0","0.08299999999999999","0.9369999999999533"
"205000","0.272","0.09200000000000001","0.3740000000000002","0.39700000000000024","0.44899999999999995","0.44899999999999995","0.09200000000000001","0.941999999999953"
"206000","0.292","0.099","0.4530000000000003","0.35300000000000026","0.5509999999999999","0.5509999999999999","0.14400000000000002","0.9749999999999495"
"207000","0.16200000000000003","0.062","0.2940000000000002","0.2600000000000002","0.0","0.0","0.06899999999999999","0.933999999999953"
"208000","0.096","0.02100000000000002","0.24500000000000013","0.21700000000000016","0.0","0.0","0.04899999999999999","0.9269999999999534"
"209000","0.07300000000000001","0.04799999999999999","0.24100000000000016","0.21000000000000013","0.0","0.8009999999999999","0.03700000000000002","0.9969999999999458"
"210000","0.10900000000000001","0.046999999999999986","0.2390000000000001","0.21500000000000016","0.0","0.19899999999999998","0.064","0.9399999999999519"
"211000","0.11699999999999999","0.045999999999999985","0.2390000000000001","0.21500000000000014","0.0","0.0","0.038000000000000006","0.9279999999999533"
"212000","0.11399999999999999","0.035","0.2680000000000001","0.25500000000000017","0.0","0.21199999999999997","0.061999999999999986","0.9619999999999497"
"213000","0.11800000000000001","0.02699999999999997","0.3040000000000002","0.23800000000000016","0.0","0.788","0.041999999999999996","0.996999999999946"
"214000","0.10500000000000001","0.05500000000000001","0.2530000000000001","0.21700000000000014","0.0","0.0","0.066","0.9359999999999525"
"215000","0.08900000000000001","0.03900000000000002","0.24200000000000013","0.21100000000000013","0.0","0.0","0.06200000000000001","0.9359999999999523"
"216000","0.07900000000000001","0.01100000000000001","0.22400000000000012","0.22100000000000017","0.0","0.608","0.01999999999999999","0.993999999999946"
"217000","0.063","0.026999999999999982","0.19800000000000012","0.22200000000000014","0.0","0.392","0.051000000000000004","0.9579999999999499"
"218000","0.093","0.06599999999999998","0.2610000000000001","0.22300000000000017","0.0","0.0","0.056999999999999995","0.9339999999999528"
"219000","0.10100000000000003","0.059999999999999984","0.24000000000000016","0.18800000000000014","0.0","0.05200000000000002","0.053000000000000005","0.9369999999999523"
"220000","0.12500000000000003","0.03900000000000001","0.25100000000000017","0.20700000000000016","0.0","0.948","0.033","0.9989999999999465"
"221000","0.12100000000000001","0.09","0.2550000000000001","0.2500000000000001","0.0","0.0","0.06999999999999999","0.9459999999999514"
"222000","0.126","0.063","0.28300000000000014","0.2670000000000002","0.0","0.0","0.07200000000000001","0.9269999999999537"
"223000","0.30900000000000005","0.10700000000000003","0.3890000000000002","0.4030000000000002","0.483","0.483","0.08099999999999999","0.9529999999999517"
"224000","0.2880000000000001","0.11100000000000002","0.42900000000000027","0.3320000000000002","0.517","0.517","0.10499999999999998","0.9749999999999492"
"225000","0.136","0.06399999999999999","0.2900000000000002","0.2600000000000001","0.0","0.0","0.056999999999999995","0.9289999999999533"
"226000","0.11100000000000002","0.033","0.25500000000000017","0.22100000000000014","0.0","0.0","0.05500000000000002","0.9299999999999531"
"227000","0.11099999999999997","0.03900000000000001","0.24600000000000014","0.20700000000000016","0.0","0.976","0.043","0.9999999999999455"
"228000","0.11700000000000002","0.048","0.24800000000000016","0.22400000000000014","0.0","0.02400000000000001","0.04000000000000001","0.9169999999999545"
"229000","0.103","0.013999999999999985","0.21000000000000013","0.24700000000000016","0.0","0.0","0.01200000000000001","0.9279999999999538"
"230000","0.08400000000000002","0.071","0.23200000000000015","0.20700000000000013","0.0","0.577","0.07200000000000001","0.9799999999999478"
"231000","0.07100000000000002","0.04999999999999999","0.23700000000000015","0.21500000000000014","0.0","0.42300000000000004","0.06500000000000002","0.9729999999999487"
"232000","0.068","0.019000000000000003","0.24600000000000016","0.20200000000000015","0.0","0.0","0.063","0.9269999999999535"
"233000","0.11000000000000001","0.028999999999999998","0.21000000000000016","0.19900000000000015","0.0","0.09699999999999999","0.052000000000000005","0.9469999999999513"
"234000","0.116","0.01899999999999999","0.2610000000000001","0.20000000000000015","0.0","0.903","0.04200000000000001","0.997999999999946"
"235000","0.10400000000000001","0.032000000000000015","0.2810000000000002","0.23300000000000015","0.0","0.0","0.024000000000000007","0.9109999999999552"
"236000","0.074","0.030000000000000013","0.3060000000000002","0.20600000000000016","0.0","0.0","0.045","0.9169999999999544"
"237000","0.12000000000000001","0.068","0.27100000000000013","0.20000000000000012","0.0","0.624","0.05500000000000001","0.9949999999999464"
"238000","0.15600000000000003","0.05099999999999999","0.27500000000000013","0.25300000000000017","0.0","0.376","0.04000000000000001","0.9669999999999492"
"239000","0.13400000000000004","0.021000000000000005","0.2610000000000001","0.25200000000000017","0.0","0.0","0.114","0.9329999999999535"
"240000","0.23100000000000004","0.038000000000000006","0.3590000000000002","0.2840000000000002","0.20399999999999996","0.20399999999999996","0.13999999999999999","0.9279999999999549"
"241000","0.174","0.044999999999999984","0.5379999999999993","0.4280000000000002","0.796","0.796","0.188","0.9879999999999484"
"242000","0.17900000000000005","0.086","0.2700000000000002","0.22000000000000014","0.0","0.0","0.077","0.9249999999999537"
"243000","0.131","0.016000000000000014","0.2810000000000002","0.24700000000000016","0.0","0.0","0.065","0.9309999999999533"
"244000","0.10899999999999999","0.05499999999999999","0.25200000000000017","0.20800000000000016","0.0","0.696","0.05500000000000001","0.994999999999946"
"245000","0.10800000000000001","0.043999999999999984","0.24100000000000016","0.20300000000000015","0.0","0.30400000000000005","0.05500000000000002","0.9449999999999513"
"246000","0.125","0.047000000000000014","0.24400000000000013","0.21200000000000016","0.0","0.0","0.035999999999999976","0.9259999999999536"
"247000","0.11000000000000004","0.041000000000000036","0.2600000000000001","0.24700000000000016","0.0","0.267","0.056999999999999995","0.95799999999995"
"248000","0.13100000000000006","0.028999999999999984","0.28900000000000015","0.22900000000000015","0.0","0.733","0.05299999999999999","0.995999999999946"
"249000","0.09800000000000003","0.044999999999999984","0.23800000000000016","0.22300000000000014","0.0","0.0","0.074","0.9279999999999535"
"250000","0.068","0.028999999999999998","0.23900000000000016","0.21100000000000016","0.0","0.0","0.06999999999999999","0.9359999999999523"
"251000","0.061","0.013999999999999999","0.23800000000000013","0.21200000000000016","0.0","0.756","0.025999999999999968","0.9969999999999459"
"252000","0.073","0.03399999999999999","0.20000000000000015","0.22300000000000014","0.0","0.244","0.04600000000000001","0.9439999999999515"
"253000","0.07900000000000001","0.04400000000000001","0.27000000000000013","0.22500000000000017","0.0","0.0","0.057999999999999996","0.930999999999953"
"254000","0.111","0.06400000000000002","0.24000000000000013","0.18800000000000014","0.0","0.21599999999999997","0.057999999999999996","0.9569999999999502"
"255000","0.107","0.02600000000000001","0.2480000000000002","0.19200000000000012","0.0","0.784","0.02700000000000001","0.986999999999947"
"256000","0.09600000000000002","0.07200000000000002","0.23400000000000012","0.2570000000000002","0.0","0.0","0.08","0.9509999999999509"
"257000","0.11400000000000002","0.06799999999999999","0.30400000000000016","0.3070000000000002","0.0","0.0","0.07900000000000001","0.9249999999999543"
"258000","0.19400000000000006","0.05700000000000001","0.42600000000000027","0.4780000000000003","0.627","0.627","0.09600000000000002","0.959999999999951"
"259000","0.22900000000000006","0.084","0.3620000000000002","0.2660000000000002","0.373","0.373","0.097","0.9569999999999511"
"260000","0.11100000000000002","0.05599999999999998","0.2810000000000002","0.23500000000000015","0.0","0.0","0.03799999999999998","0.9329999999999531"
"261000","0.1","0.04799999999999999","0.28600000000000014","0.20900000000000013","0.0","0.0","0.066","0.9419999999999518"
"262000","0.12100000000000001","0.044999999999999984","0.24700000000000016","0.19300000000000014","0.0","0.989","0.03600000000000002","0.9999999999999455"
"263000","0.15900000000000003","0.06399999999999999","0.2510000000000001","0.24300000000000016","0.0","0.011000000000000005","0.05699999999999997","0.9289999999999534"
"264000","0.15500000000000003","0.04000000000000001","0.24300000000000013","0.22800000000000017","0.0","0.0","0.03899999999999999","0.9329999999999531"
"265000","0.12600000000000003","0.04899999999999999","0.23600000000000013","0.21100000000000013","0.0","0.373","0.073","0.9679999999999489"
"266000","0.128","0.03899999999999999","0.27400000000000013","0.21500000000000014","0.0","0.627","0.057999999999999996","0.9919999999999465"
"267000","0.124","0.04300000000000001","0.25400000000000017","0.22900000000000015","0.0","0.0","0.07600000000000001","0.930999999999953"
"268000","0.07600000000000001","0.05","0.25000000000000017","0.20400000000000013","0.0","0.0","0.085","0.939999999999952"
"269000","0.05199999999999997","0.016999999999999987","0.23900000000000013","0.18900000000000014","0.0","0.768","0.04599999999999997","0.9969999999999462"
"270000","0.07","0.022999999999999993","0.20600000000000013","0.2110000000000001","0.0","0.23199999999999998","0.020000000000000018","0.9529999999999504"
"271000","0.10100000000000002","0.053000000000000005","0.2790000000000002","0.1830000000000001","0.0","0.0","0.06100000000000001","0.9409999999999519"
"272000","0.11700000000000002","0.066","0.2590000000000002","0.18300000000000013","0.0","0.14800000000000002","0.064","0.948999999999951"
"273000","0.10200000000000001","0.02599999999999998","0.2620000000000002","0.20200000000000012","0.0","0.852","0.029000000000000012","0.9929999999999464"
"274000","0.09500000000000003","0.09000000000000001","0.2610000000000001","0.2620000000000002","0.0","0.0","0.075","0.9529999999999507"
"275000","0.133","0.08700000000000001","0.2890000000000001","0.2710000000000002","0.0","0.0","0.088","0.9379999999999525"
"276000","0.29","0.079","0.3870000000000003","0.38300000000000023","0.358","0.358","0.13","0.9339999999999538"
"277000","0.337","0.057999999999999996","0.4960000000000003","0.3640000000000002","0.642","0.642","0.22199999999999998","0.9829999999999484"
"278000","0.17099999999999999","0.08399999999999999","0.2730000000000002","0.22700000000000015","0.0","0.0","0.09899999999999999","0.9409999999999521"
"279000","0.094","0.02100000000000002","0.2830000000000002","0.21900000000000014","0.0","0.0","0.047000000000000014","0.9369999999999528"
"280000","0.08000000000000002","0.049","0.25500000000000017","0.21200000000000013","0.0","0.61","0.030000000000000013","0.9849999999999473"
"281000","0.10400000000000001","0.02099999999999999","0.2600000000000002","0.19800000000000015","0.0","0.39","0.047","0.9619999999999499"
"282000","0.135","0.075","0.3060000000000001","0.22700000000000015","0.0","0.0","0.066","0.9389999999999522"
"283000","0.13","0.044000000000000025","0.2350000000000001","0.2600000000000002","0.0","0.0030000000000000014","0.05199999999999999","0.9479999999999512"
"284000","0.086","0.06200000000000001","0.2710000000000001","0.22400000000000017","0.0","0.997","0.05500000000000001","0.9999999999999458"
"285000","0.10200000000000001","0.07599999999999998","0.23600000000000018","0.21000000000000016","0.0","0.0","0.05700000000000001","0.9459999999999512"
"286000","0.12","0.04899999999999999","0.29100000000000015","0.19700000000000012","0.0","0.0","0.016","0.9349999999999524"
"287000","0.108","0.03399999999999999","0.23000000000000012","0.21100000000000016","0.0","0.40900000000000003","0.01999999999999999","0.9719999999999485"
"288000","0.11400000000000003","0.03699999999999999","0.2570000000000002","0.22100000000000017","0.0","0.591","0.03699999999999999","0.9789999999999479"
"289000","0.066","0.031000000000000028","0.28800000000000014","0.24000000000000019","0.0","0.0","0.066","0.9469999999999512"
"290000","0.09900000000000002","0.061","0.24800000000000014","0.22400000000000017","0.0","0.0","0.06800000000000002","0.9379999999999522"
"291000","0.12000000000000002","0.031000000000000014","0.27400000000000013","0.21200000000000016","0.0","0.763","0.037000000000000005","0.9969999999999462"
"292000","0.14400000000000002","0.045","0.29900000000000015","0.24500000000000016","0.0","0.237","0.081","0.9649999999999493"
"293000","0.136","0.05100000000000002","0.2630000000000001","0.24300000000000016","0.0","0.0","0.08499999999999999","0.9459999999999518"
"294000","0.14100000000000004","0.07100000000000002","0.27900000000000014","0.29300000000000015","0.0","0.0","0.08200000000000002","0.9169999999999555"
"295000","0.18500000000000005","0.061","0.49400000000000027","0.5519999999999993","0.773","0.773","0.133","0.959999999999952"
"296000","0.16900000000000004","0.09399999999999999","0.32100000000000023","0.24800000000000014","0.22699999999999998","0.22699999999999998","0.097","0.9259999999999547"
"297000","0.15399999999999997","0.07200000000000004","0.2950000000000002","0.2870000000000002","0.0","0.0","0.03699999999999999","0.9419999999999523"
"298000","0.116","0.05600000000000001","0.2670000000000002","0.20900000000000013","0.0","0.494","0.04400000000000001","0.9789999999999479"
"299000","0.10600000000000001","0.017","0.23800000000000013","0.1850000000000001","0.0","0.506","0.02800000000000001","0.9779999999999482"
"300000","0.13099999999999998","0.03900000000000001","0.27900000000000014","0.22700000000000015","0.0","0.0","0.06699999999999999","0.9339999999999531"
"301000","0.105","0.02400000000000002","0.2690000000000002","0.22200000000000014","0.0","0.14200000000000002","0.07999999999999999","0.9589999999999506"
"302000","0.09500000000000001","0.047","0.2930000000000002","0.22900000000000015","0.0","0.858","0.05999999999999997","0.9949999999999465"
"303000","0.10600000000000001","0.056999999999999995","0.2590000000000002","0.23000000000000015","0.0","0.0","0.067","0.9369999999999525"
"304000","0.07799999999999999","0.025999999999999995","0.23200000000000012","0.20700000000000013","0.0","0.0","0.085","0.9399999999999523"
"305000","0.06500000000000003","0.037000000000000005","0.24900000000000014","0.19800000000000015","0.0","0.877","0.041999999999999996","0.9939999999999465"
"306000","0.06600000000000002","0.029000000000000012","0.23200000000000015","0.23200000000000015","0.0","0.123","0.02599999999999998","0.9489999999999513"
"307000","0.10200000000000002","0.02299999999999998","0.28900000000000015","0.22300000000000017","0.0","0.0","0.030000000000000013","0.9289999999999534"
"308000","0.15000000000000002","0.07399999999999998","0.27400000000000013","0.21500000000000016","0.0","0.681","0.065","0.9899999999999466"
"309000","0.157","0.077","0.2910000000000002","0.25000000000000017","0.0","0.31899999999999995","0.05000000000000002","0.9579999999999503"
"310000","0.20400000000000007","0.108","0.3350000000000002","0.2790000000000002","0.0","0.0","0.061000000000000026","0.8939999999999582"
"311000","0.08900000000000002","0.05900000000000001","0.5579999999999996","0.5239999999999999","0.787","0.787","0.08499999999999999","0.9579999999999522"
"312000","0.18000000000000002","0.11","0.3050000000000002","0.24200000000000013","0.21299999999999997","0.21299999999999997","0.04899999999999999","0.9269999999999541"
"313000","0.12300000000000003","0.03399999999999999","0.2930000000000002","0.24600000000000016","0.0","0.0","0.081","0.9299999999999534"
"314000","0.08300000000000002","0.055999999999999994","0.2640000000000001","0.20800000000000016","0.0","0.6699999999999999","0.05599999999999998","0.9889999999999469"
"315000","0.12400000000000003","0.037000000000000005","0.2240000000000001","0.21600000000000014","0.0","0.32999999999999996","0.05199999999999999","0.95899999999995"
"316000","0.139","0.02800000000000001","0.2570000000000001","0.23900000000000018","0.0","0.0","0.059","0.9359999999999526"
"317000","0.118","0.026999999999999996","0.2650000000000001","0.25200000000000017","0.0","0.21999999999999997","0.08499999999999999","0.9639999999999497"
"318000","0.1","0.032000000000000015","0.3050000000000002","0.22400000000000014","0.0","0.78","0.048","0.9959999999999462"
"319000","0.114","0.04400000000000001","0.2600000000000002","0.22200000000000014","0.0","0.0","0.06599999999999998","0.9529999999999507"
"320000","0.09099999999999997","0.04600000000000001","0.2640000000000002","0.21700000000000014","0.0","0.0","0.061","0.9469999999999512"
"321000","0.05000000000000001","0.034000000000000016","0.22900000000000015","0.21300000000000013","0.0","0.6910000000000001","0.040999999999999995","0.9909999999999465"
"322000","0.06100000000000001","0.027999999999999997","0.1890000000000001","0.22400000000000014","0.0","0.30900000000000005","0.035","0.9589999999999502"
"323000","0.11600000000000005","0.073","0.2570000000000002","0.20500000000000013","0.0","0.0","0.059","0.9359999999999526"
"324000","0.12100000000000002","0.08000000000000002","0.2600000000000002","0.19600000000000012","0.0","0.09699999999999999","0.06699999999999999","0.9429999999999515"
"325000","0.10300000000000001","0.03499999999999999","0.2630000000000002","0.21300000000000013","0.0","0.903","0.032000000000000015","0.9969999999999464"
"326000","0.10000000000000002","0.09000000000000001","0.24300000000000013","0.2690000000000002","0.0","0.0","0.07800000000000001","0.9539999999999508"
"327000","0.137","0.09900000000000002","0.2800000000000001","0.2680000000000002","0.0","0.0","0.072","0.9419999999999525"
"328000","0.25200000000000006","0.06799999999999999","0.35100000000000026","0.3310000000000002","0.235","0.235","0.14700000000000002","0.9169999999999561"
"329000","0.22800000000000004","0.048000000000000015","0.5549999999999995","0.39200000000000024","0.765","0.765","0.261","0.9819999999999492"
"330000","0.18100000000000002","0.089","0.2590000000000002","0.23200000000000015","0.0","0.0","0.096","0.9299999999999531"
"331000","0.10800000000000004","0.046999999999999986","0.2440000000000002","0.20100000000000012","0.0","0.0","0.05600000000000002","0.9379999999999522"
"332000","0.1","0.07999999999999999","0.27500000000000013","0.21300000000000013","0.0","0.528","0.02200000000000002","0.9829999999999471"
"333000","0.11300000000000002","0.022999999999999993","0.2680000000000001","0.19400000000000014","0.0","0.472","0.038000000000000006","0.9819999999999475"
"334000","0.115","0.04299999999999998","0.28700000000000014","0.24400000000000016","0.0","0.0","0.057999999999999996","0.9359999999999528"
"335000","0.10300000000000001","0.032000000000000015","0.2620000000000002","0.2590000000000002","0.0","0.0","0.03699999999999999","0.9429999999999518"
"336000","0.08300000000000002","0.06899999999999999","0.2650000000000001","0.21200000000000016","0.0","0.911","0.04000000000000001","0.9989999999999457"
"337000","0.08400000000000002","0.07799999999999997","0.23600000000000015","0.21800000000000014","0.0","0.08899999999999998","0.03700000000000002","0.9489999999999512"
"338000","0.10900000000000004","0.026999999999999982","0.2900000000000002","0.23100000000000015","0.0","0.0","0.030999999999999972","0.9339999999999529"
"339000","0.11700000000000002","0.026999999999999996","0.22000000000000014","0.20600000000000016","0.0","0.32199999999999995","0.04299999999999998","0.9649999999999492"
"340000","0.10100000000000003","0.032","0.2600000000000001","0.22800000000000015","0.0","0.6779999999999999","0.05700000000000001","0.9869999999999469"
"341000","0.05900000000000001","0.039999999999999994","0.28200000000000014","0.23800000000000018","0.0","0.0","0.06200000000000001","0.9409999999999522"
"342000","0.07900000000000001","0.022999999999999993","0.2650000000000001","0.22500000000000014","0.0","0.0","0.05500000000000001","0.9359999999999525"
"343000","0.134","0.06200000000000001","0.27100000000000013","0.20400000000000013","0.0","0.688","0.045","0.9959999999999462"
"344000","0.135","0.047000000000000014","0.27000000000000013","0.23000000000000018","0.0","0.31200000000000006","0.061","0.966999999999949"
"345000","0.117","0.02400000000000002","0.2610000000000001","0.25100000000000017","0.0","0.0","0.09500000000000001","0.9419999999999523"
"346000","0.19400000000000003","0.075","0.30700000000000016","0.2820000000000002","0.0","0.0","0.106","0.9069999999999566"
"347000","0.11800000000000002","0.05","0.5569999999999989","0.5669999999999987","0.906","0.906","0.128","0.9849999999999494"
"348000","0.17300000000000004","0.09","0.2860000000000002","0.24600000000000016","0.09399999999999999","0.09399999999999999","0.04300000000000001","0.9359999999999535"
"349000","0.048","0.033","0.29000000000000015","0.19400000000000014","0.0","0.0","0.053000000000000005","0.9429999999999521"
"350000","0.089","0.07400000000000001","0.27800000000000014","0.21900000000000017","0.0","0.237","0.04500000000000001","0.9619999999999499"
"351000","0.11499999999999999","0.048000000000000015","0.2640000000000001","0.18200000000000013","0.0","0.763","0.032","0.9949999999999464"
"352000","0.128","0.07400000000000001","0.2620000000000001","0.23900000000000016","0.0","0.0","0.05200000000000002","0.9339999999999531"
"353000","0.11000000000000001","0.015000000000000013","0.21700000000000014","0.2640000000000002","0.0","0.0","0.041999999999999996","0.9379999999999524"
"354000","0.08500000000000002","0.062","0.2600000000000001","0.21200000000000016","0.0","0.622","0.05799999999999998","0.9909999999999468"
"355000","0.09000000000000001","0.048","0.2590000000000002","0.20800000000000013","0.0","0.378","0.059","0.9669999999999492"
"356000","0.093","0.01899999999999999","0.2640000000000002","0.19800000000000015","0.0","0.0","0.054000000000000006","0.9429999999999515"
"357000","0.11500000000000002","0.022999999999999993","0.24600000000000014","0.21400000000000016","0.0","0.02700000000000001","0.04099999999999998","0.9469999999999515"
"358000","0.11500000000000002","0.03799999999999999","0.2880000000000002","0.21200000000000016","0.0","0.973","0.04999999999999999","0.9999999999999458"
"359000","0.10500000000000001","0.032","0.2660000000000002","0.22600000000000017","0.0","0.0","0.010000000000000009","0.9249999999999541"
"360000","0.092","0.04100000000000001","0.30600000000000016","0.20300000000000015","0.0","0.0","0.052000000000000005","0.9389999999999523"
"361000","0.12700000000000003","0.09000000000000001","0.28100000000000014","0.21100000000000016","0.0","0.383","0.06999999999999999","0.9779999999999479"
"362000","0.11900000000000002","0.014000000000000012","0.2630000000000001","0.19900000000000012","0.0","0.617","0.06","0.986999999999947"
"363000","0.12200000000000001","0.09900000000000002","0.27700000000000014","0.25100000000000017","0.0","0.0","0.07999999999999999","0.9529999999999507"
"364000","0.11699999999999999","0.08600000000000002","0.3090000000000001","0.3030000000000002","0.0","0.0","0.071","0.9269999999999537"
"365000","0.15800000000000003","0.07299999999999998","0.4410000000000002","0.44800000000000023","0.597","0.597","0.09700000000000002","0.946999999999952"
"366000","0.25900000000000006","0.05799999999999998","0.3750000000000003","0.27400000000000013","0.403","0.403","0.139","0.9739999999999495"
"367000","0.137","0.06500000000000002","0.2710000000000002","0.24200000000000016","0.0","0.0","0.073","0.9359999999999529"
"368000","0.10600000000000001","0.032","0.2620000000000002","0.21100000000000013","0.0","0.0","0.05200000000000002","0.9339999999999526"
"369000","0.12200000000000005","0.066","0.2570000000000002","0.19800000000000015","0.0","0.856","0.034","0.9979999999999456"
"370000","0.12100000000000002","0.066","0.24900000000000017","0.23600000000000015","0.0","0.14400000000000002","0.04400000000000001","0.9449999999999514"
"371000","0.13","0.02100000000000002","0.2730000000000002","0.22100000000000017","0.0","0.0","0.04500000000000001","0.9349999999999529"
"372000","0.09900000000000003","0.041999999999999996","0.27800000000000014","0.22400000000000014","0.0","0.256","0.08299999999999999","0.9699999999999488"
"373000","0.10499999999999998","0.045","0.30500000000000016","0.20700000000000013","0.0","0.744","0.10299999999999998","0.9949999999999463"
"374000","0.11900000000000001","0.048","0.2660000000000002","0.2140000000000001","0.0","0.0","0.085","0.9459999999999517"
"375000","0.11000000000000003","0.052000000000000005","0.2630000000000001","0.19400000000000012","0.0","0.0","0.06000000000000001","0.941999999999952"
"376000","0.064","0.04200000000000001","0.22600000000000015","0.22000000000000017","0.0","0.681","0.026999999999999996","0.9929999999999465"
"377000","0.06599999999999999","0.043","0.20100000000000012","0.24000000000000016","0.0","0.31899999999999995","0.016","0.9609999999999498"
"378000","0.092","0.061999999999999986","0.2830000000000002","0.20400000000000013","0.0","0.0","0.059","0.940999999999952"
"379000","0.10700000000000003","0.064","0.25100000000000017","0.20300000000000015","0.0","0.012000000000000005","0.046","0.9419999999999518"
"380000","0.10500000000000001","0.036000000000000004","0.2530000000000001","0.21000000000000016","0.0","0.988","0.046","0.9999999999999456"
"381000","0.09899999999999999","0.048000000000000015","0.2630000000000002","0.24900000000000017","0.0","0.0","0.049999999999999975","0.9399999999999519"
"382000","0.132","0.05800000000000001","0.27600000000000013","0.2660000000000002","0.0","0.0","0.05700000000000001","0.939999999999952"
"383000","0.19400000000000006","0.06100000000000001","0.3520000000000002","0.25300000000000017","0.061000000000000026","0.061000000000000026","0.154","0.9099999999999573"
"384000","0.20500000000000007","0.08700000000000002","0.6159999999999989","0.5090000000000002","0.9390000000000001","0.9390000000000001","0.22600000000000003","0.9939999999999489"
"385000","0.17400000000000004","0.091","0.2570000000000002","0.2560000000000001","0.0","0.0","0.066","0.9319999999999535"
"386000","0.06700000000000002","0.04100000000000001","0.27200000000000013","0.1830000000000001","0.0","0.0","0.04299999999999998","0.9399999999999523"
"387000","0.10200000000000002","0.087","0.2870000000000002","0.20600000000000016","0.0","0.30400000000000005","0.03900000000000002","0.9629999999999495"
"388000","0.09200000000000001","0.05600000000000001","0.2730000000000002","0.18500000000000014","0.0","0.696","0.048000000000000015","0.9929999999999465"
"389000","0.10500000000000001","0.08399999999999999","0.2540000000000001","0.23100000000000015","0.0","0.0","0.06399999999999999","0.930999999999953"
"390000","0.11300000000000002","0.037000000000000005","0.22300000000000014","0.24600000000000016","0.0","0.0","0.03699999999999998","0.9469999999999514"
"391000","0.087","0.06000000000000001","0.24900000000000017","0.19800000000000012","0.0","0.702","0.037000000000000005","0.9929999999999463"
"392000","0.09","0.054000000000000006","0.21600000000000014","0.22000000000000017","0.0","0.29800000000000004","0.035","0.9559999999999501"
"393000","0.09199999999999998","0.03199999999999999","0.2670000000000002","0.22700000000000015","0.0","0.0","0.04100000000000001","0.9469999999999513"
"394000","0.12900000000000003","0.02099999999999999","0.2430000000000001","0.20300000000000012","0.0","0.122","0.04000000000000001","0.9549999999999507"
"395000","0.12500000000000003","0.014000000000000012","0.2730000000000002","0.22900000000000018","0.0","0.878","0.07200000000000002","0.9989999999999462"
"396000","0.10100000000000003","0.02600000000000001","0.28900000000000015","0.22400000000000014","0.0","0.0","0.05100000000000002","0.9299999999999531"
"397000","0.097","0.040999999999999995","0.30800000000000016","0.22500000000000014","0.0","0.0","0.03599999999999999","0.9339999999999528"
"398000","0.14900000000000002","0.074","0.29400000000000015","0.21500000000000016","0.0","0.44999999999999996","0.05600000000000001","0.983999999999947"
"399000","0.11100000000000002","0.010000000000000009","0.2580000000000001","0.21200000000000016","0.0","0.55","0.05499999999999999","0.984999999999947"
"400000","0.127","0.08700000000000001","0.27800000000000014","0.2460000000000002","0.0","0.0","0.09499999999999999","0.9539999999999511"
"401000","0.128","0.104","0.3220000000000001","0.3030000000000002","0.0","0.0","0.082","0.9319999999999535"
"402000","0.22200000000000003","0.10099999999999999","0.4080000000000003","0.4420000000000002","0.494","0.494","0.096","0.938999999999954"
"403000","0.20500000000000004","0.06300000000000001","0.41300000000000026","0.29000000000000015","0.506","0.506","0.173","0.9649999999999511"
"404000","0.18300000000000005","0.08","0.27200000000000013","0.2630000000000001","0.0","0.0","0.03799999999999999","0.9309999999999533"
"405000","0.07899999999999999","0.06700000000000003","0.2950000000000002","0.22200000000000014","0.0","0.08199999999999999","0.065","0.9479999999999511"
"406000","0.124","0.05400000000000002","0.25400000000000017","0.19100000000000014","0.0","0.918","0.047000000000000014","0.9999999999999455"
"407000","0.13000000000000003","0.09","0.27100000000000013","0.2580000000000002","0.0","0.0","0.04500000000000001","0.9289999999999533"
"408000","0.11200000000000002","0.05699999999999998","0.21200000000000013","0.24700000000000016","0.0","0.0","0.015999999999999986","0.9339999999999528"
"409000","0.07500000000000001","0.05000000000000002","0.2570000000000001","0.20800000000000016","0.0","0.563","0.044999999999999984","0.9819999999999479"
"410000","0.09099999999999998","0.03799999999999999","0.25300000000000017","0.20700000000000013","0.0","0.43700000000000006","0.05099999999999999","0.9699999999999488"
"411000","0.089","0.044999999999999984","0.2700000000000002","0.18900000000000014","0.0","0.0","0.048","0.9449999999999518"
"412000","0.123","0.03999999999999998","0.21700000000000016","0.21700000000000016","0.0","0.253","0.04100000000000001","0.9659999999999495"
"413000","0.11099999999999999","0.023999999999999994","0.23300000000000012","0.22000000000000017","0.0","0.747","0.06399999999999999","0.9869999999999478"
"414000","0.076","0.04300000000000001","0.22800000000000015","0.23900000000000016","0.0","0.0","0.06","0.9239999999999539"
"415000","0.128","0.09199999999999997","0.23900000000000016","0.23300000000000018","0.0","0.42200000000000004","0.05500000000000001","0.9579999999999499"
"416000","0.133","0.05799999999999998","0.23700000000000013","0.23500000000000015","0.0","0.5780000000000001","0.073","0.9559999999999513"
"417000","0.21700000000000003","0.08099999999999999","0.3560000000000002","0.36300000000000016","0.473","0.473","0.14700000000000002","0.927999999999955"
"418000","0.17000000000000004","0.09899999999999999","0.38600000000000023","0.25300000000000017","0.527","0.527","0.07699999999999999","0.9439999999999537"
"419000","0.15800000000000003","0.08500000000000005","0.2810000000000002","0.27700000000000014","0.0","0.0","0.06799999999999998","0.9189999999999552"
"420000","0.11000000000000004","0.066","0.2640000000000002","0.20300000000000012","0.0","0.9","0.071","0.9969999999999457"
"421000","0.10500000000000002","0.063","0.24500000000000016","0.22500000000000014","0.0","0.09999999999999999","0.04200000000000002","0.9359999999999523"
"422000","0.091","0.029999999999999985","0.2090000000000001","0.23800000000000018","0.0","0.0","0.03299999999999999","0.9319999999999531"
"423000","0.093","0.013000000000000012","0.23700000000000015","0.20800000000000016","0.0","0.84","0.03599999999999999","0.994999999999946"
"424000","0.10100000000000003","0.024999999999999994","0.22100000000000017","0.20300000000000015","0.0","0.16000000000000003","0.057999999999999996","0.9519999999999508"
"425000","0.08500000000000002","0.03","0.2670000000000001","0.19200000000000014","0.0","0.0","0.044999999999999984","0.933999999999953"
"426000","0.07200000000000001","0.03900000000000001","0.20900000000000016","0.18100000000000013","0.0","0.652","0.03199999999999999","0.9809999999999474"
"427000","0.07800000000000001","0.03999999999999998","0.23100000000000015","0.21700000000000014","0.0","0.348","0.03699999999999998","0.9619999999999495"
"428000","0.094","0.04400000000000001","0.2630000000000001","0.20500000000000015","0.0","0.0","0.025999999999999995","0.9259999999999535"
"429000","0.15200000000000002","0.08900000000000001","0.2710000000000002","0.21100000000000013","0.0","0.63","0.07199999999999998","0.989999999999947"
"430000","0.13600000000000004","0.07899999999999999","0.28000000000000014","0.25000000000000017","0.0","0.37","0.07999999999999997","0.9609999999999498"
"431000","0.22000000000000003","0.11100000000000002","0.36200000000000015","0.22600000000000015","0.08199999999999999","0.08199999999999999","0.167","0.905999999999958"
"432000","0.286","0.16400000000000003","0.6219999999999982","0.5010000000000002","0.918","0.918","0.22500000000000003","0.9879999999999494"
"433000","0.20600000000000004","0.10700000000000003","0.2730000000000002","0.29000000000000015","0.0","0.0","0.10400000000000002","0.9319999999999529"
"434000","0.09600000000000002","0.024000000000000007","0.2590000000000002","0.19800000000000015","0.0","0.0","0.049","0.9449999999999519"
"435000","0.091","0.05","0.2600000000000001","0.21500000000000014","0.0","0.654","0.04300000000000001","0.9899999999999466"
"436000","0.11300000000000004","0.041999999999999996","0.23600000000000015","0.20800000000000013","0.0","0.346","0.03799999999999999","0.966999999999949"
"437000","0.123","0.032000000000000015","0.2710000000000002","0.22200000000000017","0.0","0.0","0.04500000000000001","0.9469999999999517"
"438000","0.103","0.03500000000000002","0.2600000000000002","0.22000000000000017","0.0","0.17400000000000002","0.05499999999999999","0.9559999999999506"
"439000","0.125","0.03799999999999999","0.28900000000000015","0.21800000000000014","0.0","0.8260000000000001","0.07499999999999998","0.994999999999946"
"440000","0.118","0.044","0.2670000000000002","0.22700000000000015","0.0","0.0","0.08299999999999999","0.9449999999999518"
"441000","0.08600000000000002","0.032000000000000015","0.24400000000000013","0.19700000000000012","0.0","0.0","0.06299999999999999","0.9459999999999517"
"442000","0.08","0.04100000000000002","0.22300000000000014","0.21000000000000013","0.0","0.661","0.02700000000000001","0.9909999999999469"
"443000","0.07700000000000001","0.056999999999999995","0.21600000000000014","0.23200000000000015","0.0","0.33899999999999997","0.0069999999999999785","0.9649999999999496"
"444000","0.11100000000000002","0.068","0.27400000000000013","0.20400000000000013","0.0","0.0","0.059","0.9389999999999521"
"445000","0.138","0.06","0.2580000000000002","0.20200000000000015","0.0","0.04100000000000002","0.05800000000000001","0.9409999999999521"
"446000","0.13599999999999998","0.033000000000000015","0.24200000000000016","0.20400000000000013","0.0","0.959","0.026999999999999996","0.9999999999999458"
"447000","0.11500000000000002","0.08600000000000002","0.25400000000000017","0.2600000000000002","0.0","0.0","0.059","0.9429999999999518"
"448000","0.14600000000000002","0.07200000000000001","0.2620000000000002","0.2490000000000002","0.0","0.0","0.039999999999999994","0.9489999999999517"
"449000","0.171","0.05500000000000002","0.31600000000000017","0.2600000000000002","0.002000000000000001","0.002000000000000001","0.147","0.9109999999999575"
"450000","0.15700000000000003","0.08000000000000002","0.5629999999999998","0.5180000000000001","0.998","0.998","0.17600000000000002","0.9989999999999487"
"451000","0.15900000000000003","0.09799999999999999","0.2700000000000002","0.23600000000000013","0.0","0.0","0.046999999999999986","0.933999999999954"
"452000","0.065","0.04200000000000001","0.27800000000000014","0.1810000000000001","0.0","0.0","0.031","0.9449999999999515"
"453000","0.095","0.076","0.28000000000000014","0.22200000000000014","0.0","0.251","0.041999999999999996","0.9639999999999493"
"454000","0.10700000000000003","0.05600000000000001","0.2660000000000001","0.18500000000000014","0.0","0.749","0.034","0.9949999999999461"
"455000","0.136","0.097","0.2560000000000001","0.22700000000000015","0.0","0.0","0.062","0.9369999999999525"
"456000","0.14400000000000002","0.04200000000000001","0.22000000000000014","0.24500000000000016","0.0","0.0","0.030999999999999986","0.9419999999999519"
"457000","0.072","0.053000000000000005","0.2550000000000001","0.20500000000000013","0.0","0.655","0.03699999999999999","0.9919999999999464"
"458000","0.08","0.057999999999999996","0.23600000000000015","0.21700000000000014","0.0","0.345","0.034","0.9619999999999497"
"459000","0.09100000000000001","0.03899999999999998","0.2650000000000002","0.22400000000000017","0.0","0.0","0.048","0.9519999999999509"
"460000","0.123","0.022999999999999993","0.23600000000000015","0.21900000000000017","0.0","0.09099999999999998","0.03900000000000001","0.9539999999999509"
"461000","0.105","0.019000000000000003","0.27000000000000013","0.23300000000000018","0.0","0.909","0.05900000000000001","0.9989999999999459"
"462000","0.09400000000000003","0.021000000000000005","0.2770000000000002","0.22500000000000014","0.0","0.0","0.04200000000000002","0.9319999999999531"
"463000","0.088","0.03900000000000001","0.30200000000000016","0.22400000000000017","0.0","0.0","0.04999999999999999","0.9369999999999524"
"464000","0.15600000000000003","0.076","0.29700000000000015","0.22000000000000014","0.0","0.42600000000000005","0.06600000000000002","0.9809999999999475"
"465000","0.11900000000000002","0.026999999999999996","0.2590000000000001","0.20000000000000012","0.0","0.5740000000000001","0.06","0.986999999999947"
"466000","0.12399999999999999","0.06200000000000001","0.27500000000000013","0.24500000000000016","0.0","0.0","0.07999999999999999","0.9559999999999509"
"467000","0.13300000000000003","0.10099999999999999","0.3260000000000002","0.3040000000000002","0.0","0.0","0.079","0.9339999999999533"
"468000","0.22900000000000004","0.09099999999999998","0.40800000000000025","0.4340000000000002","0.477","0.477","0.108","0.9379999999999541"
"469000","0.32","0.06299999999999999","0.4340000000000003","0.3230000000000002","0.523","0.523","0.18999999999999997","0.9839999999999489"
"470000","0.14200000000000002","0.06799999999999999","0.2670000000000002","0.22800000000000015","0.0","0.0","0.072","0.9419999999999519"
"471000","0.093","0.013999999999999999","0.2660000000000001","0.21200000000000013","0.0","0.0","0.05300000000000002","0.9459999999999515"
"472000","0.09300000000000003","0.05","0.2610000000000001","0.21500000000000016","0.0","0.736","0.023999999999999994","0.9939999999999459"
"473000","0.11500000000000002","0.044","0.2670000000000002","0.20900000000000016","0.0","0.264","0.036000000000000004","0.9549999999999504"
"474000","0.14200000000000002","0.029000000000000012","0.29300000000000015","0.21000000000000016","0.0","0.0","0.05700000000000002","0.9439999999999519"
"475000","0.12200000000000005","0.044","0.28500000000000014","0.23700000000000018","0.0","0.14800000000000002","0.077","0.9629999999999495"
"476000","0.11300000000000002","0.04299999999999998","0.30300000000000016","0.22100000000000014","0.0","0.852","0.089","0.9979999999999456"
"477000","0.10900000000000001","0.043","0.2610000000000002","0.20700000000000013","0.0","0.0","0.06100000000000001","0.9469999999999514"
"478000","0.10400000000000001","0.05099999999999999","0.28500000000000014","0.1850000000000001","0.0","0.0","0.045999999999999985","0.9449999999999517"
"479000","0.083","0.03700000000000002","0.23400000000000015","0.21000000000000016","0.0","0.575","0.017999999999999988","0.9839999999999474"
"480000","0.07300000000000001","0.03900000000000001","0.21900000000000017","0.2410000000000002","0.0","0.42500000000000004","0.017999999999999988","0.9709999999999489"
"481000","0.05499999999999999","0.050999999999999976","0.2650000000000002","0.22900000000000015","0.0","0.0","0.04999999999999999","0.9439999999999515"
"482000","0.08600000000000002","0.04899999999999999","0.25200000000000017","0.21900000000000014","0.0","0.0","0.045999999999999985","0.9409999999999519"
"483000","0.13800000000000004","0.034","0.2720000000000002","0.21700000000000016","0.0","0.917","0.03900000000000001","0.9989999999999458"
"484000","0.155","0.04400000000000001","0.2990000000000001","0.24200000000000016","0.0","0.08299999999999999","0.05500000000000001","0.9529999999999506"
"485000","0.152","0.046","0.2650000000000001","0.2770000000000002","0.0","0.0","0.078","0.952999999999951"
"486000","0.19800000000000004","0.06799999999999999","0.31400000000000017","0.25000000000000017","0.0","0.0","0.125","0.9089999999999571"
"487000","0.14","0.07","0.5669999999999991","0.5179999999999999","0.975","0.975","0.139","0.9909999999999483"
"488000","0.14700000000000002","0.08199999999999998","0.2800000000000002","0.23000000000000012","0.025000000000000012","0.025000000000000012","0.024999999999999967","0.9379999999999533"
"489000","0.067","0.04100000000000002","0.2770000000000002","0.1840000000000001","0.0","0.0","0.04600000000000001","0.9469999999999518"
"490000","0.10700000000000001","0.06999999999999999","0.27600000000000013","0.21600000000000016","0.0","0.235","0.03699999999999999","0.9639999999999493"
"491000","0.13200000000000006","0.05400000000000002","0.2570000000000001","0.1900000000000001","0.0","0.765","0.031","0.9969999999999459"
"492000","0.13200000000000003","0.089","0.2510000000000001","0.23100000000000015","0.0","0.0","0.063","0.9379999999999523"
"493000","0.135","0.033","0.21800000000000014","0.2460000000000002","0.0","0.0","0.03299999999999999","0.940999999999952"
"494000","0.081","0.05800000000000001","0.25500000000000017","0.20300000000000015","0.0","0.654","0.03999999999999998","0.9919999999999466"
"495000","0.091","0.054000000000000006","0.23600000000000015","0.21800000000000017","0.0","0.346","0.044","0.9619999999999497"
"496000","0.09899999999999999","0.03799999999999999","0.2740000000000002","0.21800000000000014","0.0","0.0","0.048","0.9519999999999509"
"497000","0.11500000000000002","0.01999999999999999","0.23400000000000015","0.21400000000000013","0.0","0.08999999999999998","0.031","0.9559999999999507"
"498000","0.1","0.02100000000000002","0.2630000000000001","0.23000000000000018","0.0","0.91","0.056999999999999995","0.9989999999999462"
"499000","0.09700000000000003","0.013000000000000012","0.2760000000000002","0.22600000000000015","0.0","0.0","0.041999999999999996","0.9329999999999531"
"500000","0.09","0.033","0.30300000000000016","0.22700000000000015","0.0","0.0","0.050999999999999976","0.9409999999999521"
"501000","0.16300000000000003","0.075","0.2900000000000002","0.21900000000000014","0.0","0.42800000000000005","0.06200000000000001","0.9809999999999474"
"502000","0.12200000000000003","0.021999999999999992","0.2540000000000001","0.20100000000000015","0.0","0.5720000000000001","0.06","0.9889999999999469"
"503000","0.11600000000000002","0.06700000000000002","0.2760000000000001","0.2480000000000002","0.0","0.0","0.08399999999999999","0.9579999999999504"
"504000","0.13","0.09999999999999999","0.3220000000000001","0.3030000000000002","0.0","0.0","0.07600000000000001","0.9329999999999534"
"505000","0.22500000000000003","0.09499999999999999","0.41000000000000025","0.4420000000000002","0.486","0.486","0.10300000000000001","0.9399999999999537"
"506000","0.32400000000000007","0.07400000000000001","0.42500000000000027","0.31700000000000017","0.514","0.514","0.187","0.9829999999999486"
"507000","0.136","0.063","0.2650000000000002","0.2250000000000001","0.0","0.0","0.071","0.9379999999999524"
"508000","0.08400000000000002","0.013999999999999999","0.2650000000000001","0.21000000000000013","0.0","0.0","0.048000000000000015","0.9449999999999513"
"509000","0.09500000000000003","0.041999999999999996","0.25500000000000017","0.21800000000000017","0.0","0.748","0.014999999999999986","0.9939999999999459"
"510000","0.11700000000000002","0.047","0.2660000000000001","0.21900000000000017","0.0","0.252","0.048000000000000015","0.9529999999999507"
"511000","0.138","0.022000000000000006","0.2920000000000002","0.21400000000000016","0.0","0.0","0.05200000000000002","0.941999999999952"
"512000","0.11200000000000004","0.04299999999999998","0.28000000000000014","0.23400000000000018","0.0","0.16300000000000003","0.079","0.9649999999999495"
"513000","0.11200000000000002","0.035","0.30300000000000016","0.2100000000000001","0.0","0.837","0.08299999999999999","0.9979999999999459"
"514000","0.12500000000000003","0.03900000000000001","0.2630000000000002","0.2070000000000001","0.0","0.0","0.069","0.9469999999999515"
"515000","0.11400000000000002","0.056999999999999995","0.2800000000000002","0.19100000000000014","0.0","0.0","0.05","0.9459999999999517"
"516000","0.09300000000000001","0.038000000000000006","0.22700000000000015","0.21500000000000016","0.0","0.594","0.01899999999999999","0.9829999999999476"
"517000","0.06899999999999999","0.044","0.22200000000000014","0.25000000000000017","0.0","0.406","0.022000000000000006","0.967999999999949"
"518000","0.065","0.06399999999999999","0.2750000000000002","0.22600000000000017","0.0","0.0","0.05399999999999999","0.9439999999999515"
"519000","0.09200000000000003","0.055999999999999994","0.2640000000000002","0.21100000000000013","0.0","0.0","0.041999999999999996","0.9409999999999518"
"520000","0.134","0.04100000000000001","0.27700000000000014","0.21800000000000014","0.0","0.929","0.04000000000000001","0.9999999999999457"
"521000","0.13700000000000004","0.04200000000000001","0.29800000000000015","0.23600000000000015","0.0","0.07099999999999998","0.04999999999999999","0.9519999999999507"
"522000","0.14600000000000002","0.047","0.27100000000000013","0.2770000000000002","0.0","0.0","0.08","0.9519999999999506"
"523000","0.19300000000000006","0.071","0.31200000000000017","0.25000000000000017","0.0","0.0","0.12","0.9089999999999572"
"524000","0.18700000000000003","0.09100000000000003","0.5709999999999996","0.5709999999999994","0.98","0.98","0.14","0.9929999999999489"
"525000","0.159","0.077","0.2720000000000002","0.2700000000000001","0.02000000000000001","0.02000000000000001","0.05799999999999998","0.910999999999956"
"526000","0.132","0.056999999999999995","0.28500000000000014","0.23600000000000015","0.0","0.0","0.04400000000000001","0.9359999999999525"
"527000","0.099","0.06999999999999999","0.2670000000000002","0.21200000000000016","0.0","0.6859999999999999","0.05000000000000003","0.9889999999999465"
"528000","0.12900000000000003","0.046999999999999986","0.2460000000000001","0.19800000000000015","0.0","0.31399999999999995","0.044","0.9639999999999495"
"529000","0.14600000000000002","0.034","0.28000000000000014","0.22800000000000015","0.0","0.0","0.04699999999999997","0.9339999999999529"
"530000","0.10600000000000001","0.02999999999999997","0.27700000000000014","0.21000000000000016","0.0","0.18200000000000002","0.06199999999999997","0.9579999999999506"
"531000","0.09800000000000003","0.018000000000000016","0.31300000000000017","0.19600000000000012","0.0","0.8180000000000001","0.047","0.9959999999999462"
"532000","0.09300000000000003","0.03699999999999999","0.2680000000000001","0.21800000000000014","0.0","0.0","0.06699999999999999","0.9319999999999531"
"533000","0.06799999999999999","0.03799999999999999","0.24100000000000016","0.1870000000000001","0.0","0.0","0.067","0.9349999999999526"
"534000","0.04800000000000001","0.03799999999999999","0.23300000000000015","0.19600000000000015","0.0","0.815","0.02200000000000002","0.9969999999999459"
"535000","0.08000000000000002","0.028999999999999984","0.2200000000000001","0.20000000000000012","0.0","0.18500000000000003","0.010999999999999982","0.9509999999999508"
"536000","0.09500000000000003","0.03599999999999999","0.24700000000000014","0.23100000000000018","0.0","0.0","0.035","0.932999999999953"
"537000","0.14100000000000004","0.07700000000000001","0.27000000000000013","0.24700000000000016","0.0","0.8260000000000001","0.059999999999999984","0.9939999999999466"
"538000","0.133","0.05499999999999998","0.2580000000000001","0.23500000000000015","0.0","0.17400000000000002","0.098","0.9059999999999571"
